	label	text
0	0	嘉兴市科学技术局嘉兴市财政局嘉兴市人民政府金融工作办公室嘉科综〔2018〕47号
1	1	嘉兴市科学技术局嘉兴市财政局嘉兴市人民政府金融工作办公室2018年6月19日嘉兴市科技保险补贴实施办法（试行） 为切实加强区域科技保险的引导和推进力度，化解科技企业创新创业的风险，更好地提升嘉兴科技创新环境，根据嘉兴市人民政府办公室《关于支持科技保险发展的实施意见》（嘉政办发〔2015〕33号）等文件精神，特制定本实施办法。
2	12	第一条 实施科技保险补贴，旨在引导科技企业通过保险工具为企业的技术创新活动化解风险，促进高新技术创新产品研发、科技成果转化和市场发展。
3	4	第二条 科技保险补贴的对象为在嘉兴市范围内工商注册，拥有自主知识产权，具有较强的创新性和较高的技术水平，在近三年内无重大违法行为的科技企业，并经嘉兴科技金融服务平台认证通过。
4	4	具体为：
5	4	二、省科技型中小企业；
6	4	人才企业的科技保险补贴按《支持人才企业融资发展实施办法(试行)》(嘉金融办〔2017〕30号）执行。
7	4	第三条科技保险的险种包括：
8	4	2、有专业从事科技保险的独立部门和人员队伍；
9	4	第六条科技保险补贴资金采取后补贴、分类补贴和总额限制方式，具体按《嘉兴市科技保险补贴比率、限额明细表》规定执行。
10	2	第九条投保企业缴足全部保险费，并在合同到期后，按本办法规定的要求申请补贴。
11	2	  第十条 保费补贴申请原则上每年集中受理一次。
12	2	第十一条 企业申请保费补贴时应提供下列材料：
13	2	一、嘉兴市科技保险保费补贴申请表；
14	2	上述材料需加盖相应单位的公章。
15	2	 第十二条科技部门对申请材料进行审核，审核通过并公示后，提交科发资金管委会审定。
16	4	第十四条申请单位对申报材料的真实性负责，对弄虚作假，骗取补贴的，一经查实，将追回全部保费补贴，按规定进行严肃处理，并录入征信系统。
17	0	第十七条 本办法由嘉兴市科技局、市财政局负责解释。
18	0	第十八条 本办法自发布之日起试行。
19	0	附件：
20	0	嘉兴市科技保险保费补贴申请表
21	0	区委办〔2018〕66号
22	0	中共柯桥区委办公室柯桥区人民政府办公室关于印发2018年柯桥区金融支持实体经济发展考核奖励办法的通知各镇（街道、开发区）党委（工委）、政府（办事处、管委会），区机关各部门：
23	1	中共柯桥区委办公室柯桥区人民政府办公室2018年6月15日2018年柯桥区金融支持实体经济发展考核奖励办法为鼓励各金融机构加大对区域经济社会发展的支持力度，不断提升金融保障水平，促进经济转型升级，特制订2018年柯桥区金融支持实体经济发展考核奖励办法。
24	6	1.贷款月均增量。
25	6	银行承兑汇票、信用证、保函三项表外信贷业务季均每新增1000万元，奖励1500元；
26	6	每减少1000万元，扣减500元。
27	6	3.不良贷款处置。
28	6	不良贷款每核销1000万元，奖励1.2万元。
29	6	5.其他资金引入。
30	6	6.存贷款季末增速。
31	6	按1—5项考核奖励金额的30%作为此项考核奖惩基数，1季度、2季度、3季度、4季度分别按照奖惩基数的15%、15%、15%、55%为计算口径。
32	6	(1季度、2季度、3季度、4季度分别以2月、5月、8月、11月末存贷款增速为考核口径)。
33	6	当年新设银行此项不考核。
34	6	不良贷款处置按绍兴银监分局提供的数据进行考核奖励；
35	12	四、奖励表彰
36	12	市农发行酌情给予奖励。
37	12	考核前6名的银行（按应奖额高低）为当年度金融支持实体经济发展优胜单位，由区委、区政府予以表彰。
38	0	关于印发压缩常态化企业开办时间工作方案的通知
39	0	各县（市、区）市场监管局（分局）、国税局、地税局、公安(分)局、行政审批服务中心（行政审批局）：
40	0	现将《嘉兴市压缩常态化企业开办时间工作方案》印发给你们，请认真组织实施。
41	12	一、指导思想深入贯彻党的十九大精神，按照习近平总书记关于加大营商环境改革力度的重要指示精神，秉持弘扬“红船精神”的初心，坚持问题导向、坚持改革创新，以商事制度改革为抓手，通过简政放权，持续深化“放管服”改革，减环节、缩时限、降成本，围绕提供优质公共服务精准发力，激发市场活力和社会创造力，营造法治化、国际化、便利化的营商环境。
42	12	二、工作目标进一步简化企业从设立到具备一般性经营条件所必须办理的环节，压缩办理时间。
43	12	加快企业开办流程再造，压缩企业开办审批链，6月底前实现企业常态化开办当场办结。
44	12	三、工作重点
45	10	根据上级部署推进企业名称登记管理改革，除涉及前置审批事项或企业名称核准与企业设立登记不在同一机关外，企业名称不再实行预先核准。
46	10	推进企业登记“全程电子化”和手机ＡＰＰ申报，实现企业登记“网上办”、“移动办”，逐步扩大电子营业执照应用范围。
47	10	进一步简化优化纳税人增值税发票申领流程，大幅度压缩发票申领时间。
48	10	符合条件的纳税人只需一次前往行政审批服务中心，即可发行税控设备、领取增值税发票。
49	10	国地税实行业务通办，6月底前，实现相关手续当场办结。
50	10	在确保各地印章刻制进驻各行政审批服务中心的基础上，进一步完善印章刻制即时自动备案机制，6月底前，实现印章刻制及备案当场办结。
51	9	大力提升“互联网+政务服务”水平，形成市场监管、公安、国税、地税等部门涉企数据交互机制，加快实现部门间信息共享，为各部门内部简化审查、提质加速提供有力支撑，有效发挥“互联网＋政务服务”的便利化效应，让数据多跑路，群众少跑腿。
52	12	四、组织实施市级有关部门（单位）要根据本方案的工作目标和工作重点，分别做好压缩企业开办时间前的各项准备、实施后的跟踪落地、政策口径的前后衔接，逐项梳理明确办事依据、材料、程序和时限，研究优化办事流程、提高工作效率的具体措施办法。
53	12	五、工作要求
54	12	（一）加强组织领导。
55	12	（二）加强宣传引导。
56	14	各地、各相关部门要做好宣传工作，通过政府网站、新闻媒体、微博、微信等多种载体，对改革中的热点难点问题予以及时解答、回应，让市场主体、中介机构和社会公众充分了解改革政策，形成支持改革、参与改革的良好氛围。
57	12	（三）加强实施保障。
58	11	加大对涉企服务一线工作人员培训力度，帮助一线人员全面掌握新流程、新方法，确保改革措施落地生根。
59	0	北区科技〔2018〕15号
60	12	宁波市江北区科学技术局江北区科技计划信用管理办法（试行）第一条为加强科技诚信建设，提高区科技计划项目相关责任主体的信用意识与信用水平，营造诚实守信的科技创新环境，根据中共中央办公厅、国务院办公厅《关于进一步加强科研诚信建设的若干意见》、《国家科技计划（专项、基金等）严重失信行为记录暂行规定》（国科发政〔2016〕97号）、《浙江省科技计划（专项、基金）信用管理和科研不端行为处理办法》等文件精神及市、区科技计划项目管理有关规定制定本办法。
61	5	第二条科技计划信用管理是江北区科技局对科技计划项目相关责任主体在项目申报、立项、实施、管理、验收、绩效评价和咨询评审评估等过程中践行承诺、履行义务、奉行准则的诚信程度进行客观记录、公正评价，并以此进行相关的管理和决策。
62	11	第三条科技计划项目相关责任主体主要包括申报和实施区科技计划项目的企事业单位、项目负责人或有直接责任的当事人、评审专家、第三方评估机构等。
63	12	第四条科技计划信用管理贯穿于科技计划和项目管理全过程，主要包括以下四个方面内容：
64	2	对遵守项目申报有关规定、履行信用承诺、保证申报内容真实性和有效性等行为中的诚信状况，以及项目立项评审中的诚信状况进行记录和评价。
65	12	第五条科技计划信用信息包括责任主体的基础信息、良好行为信息和不良行为信息三类。
66	12	第六条基础信息是指相关责任主体的身份信息和参与科技计划项目的相关信息，如所涉及的项目类别、项目名称、项目编号、实施期限和项目经费等。
67	12	（一）采取贿赂或变相贿赂、造假、故意重复申报等不正当手段获取科技计划项目的管理、承担资格或中介服务资格。
68	12	（二）项目申报、实施或验收过程中抄袭他人科研成果，故意侵犯他人知识产权，捏造或篡改科研数据、图表，夸大或虚构项目取得成果等，违反科研伦理规范。
69	12	（三）违反科技计划项目管理规定，无正当理由不按项目合同或任务书约定执行，不按要求申请验收或终止；
70	12	（四）受委托履行相关职能的机构违反委托合同约定，不按制度执行或违反制度规定；
71	12	（五）违反科研资金管理规定，套取、转移、挪用、贪污科研经费，谋取私利。
72	12	与相关单位或人员恶意串通。
73	13	第九条对具有第八条所述行为的责任主体且受到以下处理的，纳入严重失信行为记录。
74	13	（二）受审计、纪检监察等部门查处并正式通报。
75	13	（三）受相关部门和单位在科技计划、项目管理或监督检查中查处并已正式文件发布。
76	13	（四）因伪造、篡改、抄袭等严重科研不端行为被国内外公开发行的学术出版刊物撤稿，或被国内外政府奖励评审主办方取消评审和获奖资格并正式通报。
77	13	（五）经核实并履行告知程序的其它严重违规违纪行为。
78	13	第十条对于具有科技计划不良行为的责任主体，按照科技计划项目管理办法等相关规定，区科技局将视情节轻重给予通报批评、终止或撤销项目、追回项目补助资金、2年内取消其参与由区科技局组织开展或推荐的各类计划项目申报、管理与实施的资格等措施；
79	13	对于列入严重失信行为记录的责任主体，区科技局可阶段性或永久取消其参与由区科技局组织开展或推荐的各类计划项目申报、管理与实施的资格。
80	10	科技计划项目信用评价需经局党组会议通过并反馈相关责任主体无异议后才可对外发布和录入数据库。
81	10	录入数据库，需填写《江北区科技计划项目相关责任主体信用记录表》（见附件），并报办公室备案。
82	5	（三）一年（指12个月，下同）内发生失信行为2次（含）以上的相关责任主体为项目实施监督重要对象，采取减少限额申报指标或限制申报等方式加强监督和管理。
83	5	第十四条实行科技计划信用行为记录名单动态调整机制，对处罚期限届满的相关责任主体，及时移出记录名单。
84	0	第十六条本办法由区科技局负责解释。
85	0	附件：
86	0	2.“责任主体身份识别信息”对法人单位是统一社会信用代码，对自然人是指身份证号码；
87	1	关于工业企业总部经济企业奖励实施细则（试行）为加快总部经济发展，鼓励总部企业经济总量向玉环驻地集聚，增强我市工业经济实力，根据玉环市人民政府《关于印发玉环市扶持工业经济发展优惠政策（试行）的通知》（玉政发[2017]19号）有关鼓励总部经济发展条款，特制定本细则。
88	12	（三）市外供应商为市内企业贴牌生产（OEM）产品，将原在市外销售调整至市内企业销售并纳税。
89	12	1、由市内企业直接持有股份的市外企业；
90	12	2、由市内企业股东及其直系亲属直接持有股份的市外企业；
91	0	1.《玉环市总部经济企业项目备案表》（附表一）；
92	12	总部经济企业项目内容包括：
93	12	本企业实施总部经济背景和模式、市外企业及回归销售项目情况、实施计划等；
94	12	2.市内总部企业的营业执照、税务登记证复印件；
95	12	3.市外关联企业、供应商的营业执照、税务登记证、章程等与玉环总部企业隶属和经济关系的有效复印件。
96	12	（一）申报符合本细则第一条规定并经备案登记的市内总部企业，应于次年6月底前向市经信局申请奖励并提供以下相关资料：
97	12	3.回归销售业务及销售额的证明资料；
98	12	4.回归销售业务税费计算和完税的证明资料；
99	12	5.主管部门要求提供的其他资料。
100	12	第四条奖励根据玉环市人民政府关于印发玉环市扶持工业经济发展优惠政策（试行）的通知》（玉政发[2017]19号）第七条，经确认为总部经济企业，享受以下优惠奖励政策：
101	0	附件：
102	0	万元附件2玉环市总部经济企业奖励申请表单位：
103	0	西发改〔2017〕44号
104	0	关于印发《西湖区楼宇（总部）经济政策扶持意见（试行）》的通知各镇人民政府、街道办事处，区政府各部门、各直属单位：
105	1	为进一步提升西湖区楼宇（总部）经济发展水平，切实加强西湖区经济发展实力和综合竞争力，特制订《西湖区楼宇（总部）经济政策扶持意见（试行）》，现印发给你们，请认真遵照实施。
106	0	（一）总部经济根据《西湖区总部企业认定暂行办法（试行）》要求，经认定的西湖区总部企业。
107	0	（二）楼宇经济
108	0	纳入区楼宇信息管理系统平台内管理，且楼宇基本信息填报完全的楼宇。
109	0	2、适用对象：
110	0	（一）总部经济
111	8	1、对新引进的总部企业（经认定），给予一次性不超过300万元的资金补助。
112	8	2、对新引进世界500强、中国500强、中国民营500强、央企或行业知名领军企业投资项目，经区政府认定，给予最高三年房租补贴。
113	8	3、对符合云计算大数据、新能源、新材料、生物医药、高端装备制造、金融业、文化创意、旅游会展、中介服务、信息软件（含电子商务）、现代农业、建筑业等我区重点培育发展产业的总部企业，按照行业占比情况，确定各行业标杆、示范企业予以重点扶持。
114	8	单幢商务楼宇达到区一般性公共预算收入（剔除房地产项目公司、股权投资等一次性收入以及特殊贡献财政扶持政策享受企业收入）达到1亿元、5000万元及3000万元的，分别奖励100万元、50万元和30万元。
115	0	7、财务独立核算且在西湖区纳税的楼宇业主或物业管理单位。
116	8	8、加快推进楼宇信息化管理水平，对配合全区楼宇经济管理信息采集的楼宇业主或物业管理企业，每年给予一定劳务补助。
117	0	属地率指：
118	8	在西湖区纳税企业租用楼宇的面积占整幢商务楼宇可出租面积的比例。
119	0	三、补助奖励办法
120	2	（一）总部经济补助奖励每年兑现一次，由各总部企业准备相关申请和证明材料向属地镇街提出申请，经区发改局（楼宇办）、区财政局、区商务局联合审核后，形成初步奖励草案报区政府审批执行。
121	2	（二）楼宇经济补助奖励每年兑现一次，由各备案商务楼宇业主、物业经营管理企业准备相关申请和证明材料向属地镇街提出申请，经区财政局、区发改局（楼宇办）联合审核后，形成初步奖励草案报区政府审批执行。
122	0	1、若同一扶持项目适用多项扶持政策的，可以择优执行，但不重复享受。
123	0	同一项目在区财政资助（奖励）后又获得市级以上财政或有关部门资助（奖励）的，区财政资助（奖励）部分视作已配套，不足部分予以补足。
124	0	4、本意见自2017年8月17日起施行，试行一年，此前我区出台的相关政策若与本意见不一致的，以此件为准。
125	0	★中共绍兴市上虞区委绍兴市上虞区人民政府关于进一步促进建筑业持续发展的若干意见各乡镇、街道，区直各部门和单位：
126	0	建筑业是我区支柱产业之一。
127	0	当前，随着国家政策、需求结构、建造方式的变化，我区建筑业面临着转型升级和改革创新等难题。
128	1	二、强化政策激励，推动建筑业改革创新
129	12	（一）激励企业创新驱动
130	12	1.鼓励企业实施重整重组。
131	12	建筑业企业与区内外非关联的上市公司、国企、央企等优势企业开展重整重组合作的，奖励政策按照《中共绍兴市上虞区委办公室绍兴市上虞区人民政府办公室印发<关于支持区内优势企业开展重组合作加快发展实施办法（试行）>的通知》（区委办〔2017〕37号）文件执行。
132	8	同时自重整重组当年起按企业年实缴税收中地方贡献比上年度增加部分的80%给予奖励。
133	9	落实《上虞区智能住建产业群发展专项规划》，引导企业加快先进技术、智能设备的研发和在现代住建、环保装饰、互联网家装、智能家居等领域的应用，着力打造千亿级智能住建产业群。
134	8	对获得国家或省级建筑业创新技术应用示范工程并被列为承建单位的，每项分别奖励5万元、2万元；
135	8	被列为参建单位的，每项分别奖励2万元、1万元。
136	12	3.引导企业推进建筑产业化。
137	12	明确政府投资的公共建筑应按二星级以上绿色建筑要求进行建设，区内保障性住宅、政府投资公共建筑全部实施装配式建造，中心城区出让或划拨土地上的新建住宅全部实行全装修和成品交付；
138	12	要根据上级文件精神，及时出台建筑产业现代化示范企业及装配式生产基地建设、投产、销售等相应奖励政策。
139	12	对拥有建筑产业化基地的区内建筑业企业，在装配式项目招标过程中设立技术加分项等扶持政策。
140	12	建筑产业化相关奖励政策按照《绍兴市人民政府办公室关于推进绿色建筑和建筑产业现代化发展的实施意见》(绍政办发〔2016〕108号)文件执行。
141	12	1.全力支持施工总承包企业。
142	8	企业晋升为房建施工总承包特级资质的给予奖励50万元，晋升为房建施工总承包一级资质的不予奖励；
143	8	企业晋升为铁路、公路、水利、机电、港口与航道等施工总承包一级资质的奖励30万元。
144	8	对年建筑业产值超过100亿元和年实缴税收达到1500万元以上且年实缴税收增长率达到全区平均增幅的企业，按年实缴税收中地方贡献比上年度增加部分每100万元给予5万元的专项奖励扶持，上不封顶；
145	4	上述奖励是指由总承包企业施工并被列为承建单位的，被列为参建单位的减半奖励。
146	12	加大对专业资质企业培育扶持力度：
147	8	对年建筑业产值超过80亿元和年实缴税收达到1000万元以上且年实缴税收增长率达到全区平均增幅的企业，按年实缴税收中地方贡献比上年度增加部分每100万元给予5万元的专项奖励，上不封顶；
148	12	同时引导特、一级建筑业企业增加设计类投入，完善设计类资质，促进企业向设计、生产、施工一体化的工程总承包发展。
149	8	对新获得“浙江省工程总承包试点企业”称号的企业奖励5万元。
150	8	着力提升建筑设计水平，鼓励设计企业通过合并、兼并等模式做大做强，区内设计企业合并、兼并区内外设计企业，并达到乙级以上资质标准的，奖励20万元。
151	8	鼓励建筑业企业兼并区内外设计企业，兼并甲级设计企业的每年奖励30万元，兼并乙级设计企业的每年奖励15万元，兼并丙级设计企业的每年奖励5万元。
152	12	鼓励勘察、设计、监理、招标代理、造价咨询等企业采取联合经营、并购重组等方式发展全过程工程咨询。
153	12	（三）激励企业回归发展
154	8	凡原注册在外地的建筑业企业，变更回上虞注册，享受回归企业待遇，从注册当年起五年内在我区缴纳企业所得税地方贡献部分，按照第一年70%、第二年50%、第三年40%、第四第五年各20%的比例由政府奖励给注册所在地的乡镇、街道（前三年每年按照当年应奖额度的一半予以奖励，余额在第五年末一次性奖励），建筑业企业应健全财务制度，正确核算盈亏，企业所得税按实结算。
155	12	2.鼓励劳务税源回归。
156	8	注册地为本区的劳务分包企业，在区外承接业务后未在施工地缴纳增值税，而回本区申报缴纳的，按实际上缴数地方贡献部分40%奖励给注册所在地的乡镇、街道。
157	12	三、加强服务保障，促进建筑业持续发展
158	10	（一）优化行政审批服务。
159	5	对长期拖欠工程款的建设单位，相关管理部门不得批准新项目开工。
160	10	逐步实行以银行保函、担保公司担保合同或保险公司保险合同形式实施建设工程投标保证金、合同履约保证金、工程质量保证金和建筑业企业人工工资支付保证金制度，进一步减轻建筑业企业负担。
161	12	（二）规范建筑市场秩序。
162	12	（三）加强质量安全管理。
163	5	要鼓励企业创优创杯，特别是对区内创优工程，要加强指导服务，不断提高“上虞建筑”的知名度。
164	5	区内工程获前述相应奖项的，给予加倍奖励。
165	5	要建立健全全覆盖、多层次、经常性的安全生产教育培训制度，着力提升从业人员安全素质。
166	5	其他管理部门要积极指导建筑业企业开展平安建设、文明创建等活动，全面提高建筑领域平安建设、文明创建、“五水共治”、“五气合治”等工作水平。
167	12	（四）努力化解企业风险。
168	5	针对当前建筑业企业相互担保普遍、银行转贷困难等特点，要综合运用破产重整等手段推进企业风险处置。
169	16	各金融机构在加强风险评估的基础上，要继续加大资金信贷支持力度，减少抽贷、压贷行为。
170	10	针对建筑业实施营改增后对建筑业企业的影响，税务部门要加大辅导培训力度，促进企业尽快理解政策、掌握政策，切实降低企业税负和防范税务风险。
171	10	公检法司等部门要高度重视建筑领域的经济犯罪案件，常态化开展建筑领域经济犯罪打击活动，努力为建筑业企业健康发展保驾护航。
172	12	（五）合力保障行业发展。
173	9	区科技局要帮助建筑业企业加快科技创新，指导企业做好科研成果的申报和应用。
174	10	区人力社保局要指导建筑业企业规范劳务用工，协助行业管理部门妥善处理劳资纠纷，防范建筑领域民工工资上访事件的发生；
175	20	区建管局要加大“走出去”市场考察调研力度，引导区内建筑业企业树立抱团发展意识，大力拓展国内外新兴市场；
176	7	要指导企业引进和培养建筑业管理人才、专业人才和技术工人，切实做好各类人员继续教育培训工作。
177	0	四、其他事项
178	0	（三）本意见中的实缴税收是指企业会计年度内实际在我区缴纳的增值税、企业所得税；
179	0	全区平均增幅指标以区财政局、国税局和地税局公布的数据为准；
180	0	对企业的各项奖励补助，以不超过该企业当年上缴税收的地方贡献部分为限。
181	0	如财政体制分成及有关政策发生调整，上述政策随之调整。
182	0	（五）本意见由区建管局负责解释，试行期自2017年1月1日起至2021年12月31日止。
183	0	原有关规定与本意见不一致的，以本意见为准。
184	0	中共绍兴市上虞区委员会绍兴市上虞区人民政府2017年7月19日
185	0	平阳县人民政府办公室关于进一步明确总部项目认定标准等问题的通知
186	0	各乡镇人民政府，县政府直属各单位：
187	1	为进一步增强总部回归政策的可执行性，加大平商（浙商、温商）总部（贸易）回归的扶持力度，促进平阳经济转型升级，现就总部项目认定标准等问题明确如下：
188	2	一、总部项目认定标准问题鼓励县外总部回归，总部回归项目认定条件为县外、境外具有独立法人企业或机构的平商（浙商、温商）回归平阳进行投资的项目或县外浙商联合和牵线县外、境外企业或机构在平阳投资的项目。
189	2	二、总部项目年纳税总额计算问题总部项目年纳税标准为连续12个月的纳税总额，年纳税起始日由县招商局在项目认定时确定；
190	2	（二）奖励申报。
191	2	项目达到相应条件后，凭相关证明材料，向县支持平商创业创新促进平阳发展领导小组办公室提交申请报告，申报时间为每年的5月份和11月份。
192	2	（三）审核确定。
193	2	对不符合条件的，应当书面答复并说明理由。
194	2	经确定的企业名单在政府网站等媒体上公示3个工作日，公示期主管单位应及时处理有关举报，属实的应取消奖励资格；
195	0	四、其他事项
196	0	（一）原已发布的文件与本补充通知不一致的，以本补充通知为准。
197	0	（二）以来在我县注册成立的总部（贸易）回归项目投资公司可按本通知和总部项目相关政策申请项目认定和政策奖励。
198	0	县委各部门，县人大常委会、县政协办公室，县人武部，县法院，县检察院，各人民团体。
199	0	平阳县人民政府办公室印发
200	0	关于印发《浙江省燃煤电厂超低排放设施运行监管与超低排放电价考核要求（试行）》的通知各市、县（市、区）环保局，各有关燃煤电厂：
201	1	为加强全省燃煤电厂超低排放设施的运行监管，进一步规范超低排放电价考核工作，根据国家和省相关文件规定，我厅组织制定了《浙江省燃煤电厂超低排放设施运行监管与超低排放电价考核要求（试行）》。
202	0	现印发给你们，请遵照执行。
203	0	附件：
204	0	浙江省燃煤电厂超低排放设施运行监管与超低排放电价考核要求（试行）浙江省环境保护厅2017年8月8日附件浙江省燃煤电厂超低排放设施运行监管与超低排放电价考核要求（试行）为加强全省燃煤电厂超低排放设施的运行监管，进一步规范超低排放电价考核工作，根据国家发展改革委、环境保护部、国家能源局《关于实行燃煤电厂超低排放电价支持政策有关问题的通知》（发改价格〔2015〕2835号）和省物价局、省环保厅、省能源局《转发国家发展改革委环境保护部国家能源局关于实行燃煤电厂超低排放电价支持政策有关问题的通知》（浙价资〔2016〕65号）等文件规定，提出有关要求如下：
205	5	监测机构应配备足够数量的烟气分析仪和监测人员，具备完整的低浓度烟气污染物检测、煤质检测和烟气排放连续监测系统（CEMS）校核检测的能力。
206	5	燃煤电厂可自行编制技术评估报告，也可委托有能力的第三方机构编制技术评估报告。
207	5	（三）接受委托的监测机构应严格按照《浙江省燃煤电厂超低排放监测要求（试行）》（见附件1），全面测试各测点断面的污染物因子，测试脱硫、脱硝、除尘设备及超低排放整体设施的处理能力及效果，监测工作不得外包、分包。
208	5	应对燃煤机组超低排放设施是否符合现场监测技术条件进行资料审核和现场勘察，包括手工监测采样孔位置、采样平台设置、CEMS安装位置和CEMS的校准、校验与调试检测等。
209	5	对符合技术条件要求的机组，按规定开展监测；
210	5	对不符合技术条件要求的机组，应告知企业进行整改，合格后方可开展监测。
211	5	1.编制符合国家和我省规范的监测方案。
212	5	测试2种及以上工况下，烟气中烟尘、二氧化硫、氮氧化物浓度，以及烟气温度、湿度、流速、含氧量、压力等烟气状态参数。
213	5	2.开展煤质检测。
214	5	3.开展CEMS技术检查。
215	5	查看烟气排放口CEMS安装和设置是否符合规范，审核CEMS校准、校验和调试检测的合规性，并将CEMS监测结果与现场手工监测数据进行比较，验证、评估CEMS监测数据的准确性。
216	5	现场监测采样期间，企业应按要求调整入炉煤质和机组（锅炉）负荷，按照设计运行参数运行污染治理设施。
217	5	入炉煤硫分可在设计煤种硫分（0.9-1.2倍区间）或近期煤种硫分（略高于上年入炉煤平均硫分）中选取，鼓励省统调燃煤发电机组和有条件的燃煤热电机组在2种及以上煤种硫分水平进行监测。
218	5	机组（锅炉）负荷应至少包含高负荷（最大负荷的90-100%区间）和中低负荷（最大负荷的60%及以下），鼓励有条件的机组在3种及以上负荷下进行监测。
219	5	在规定工况下，烟气污染物排放浓度均达到我省超低排放限值要求，且CEMS安装、运行、设置符合规范要求，性能校准、校验和调试检测符合《固定污染源排放烟气连续监测技术规范》（HJ/T75）要求，视为符合超低排放监测总体要求。
220	6	机组并网投运后连续稳定运行时间不足30日的，可按累计在网运行720小时的时间段进行技术评估。
221	6	（一）燃煤电厂完成机组超低排放设施的监测和技术评估工作后，可向环保部门申请开展超低排放电价考核，同时报送监测和技术评估报告。
222	6	环保部门应及时对燃煤机组超低排放设施运行情况进行核查并形成意见，可组织专家对监测报告和技术评估报告进行技术审查。
223	6	开展超低排放电价考核的燃煤机组，原则上应先执行或同步执行脱硫、脱硝、除尘电价并开展环保电价定期考核。
224	6	对烟气污染物排放达到超低排放监测要求，经技术评估具备连续稳定运行能力的燃煤机组，可开展超低排放电价考核。
225	0	根据浙价资〔2016〕65号
226	6	文件规定，原则上从烟气超低排放设施并网投运30日后的次日零时起开始考核；
227	2	（二）开展超低排放电价考核的燃煤机组，由所在企业定期报送书面和电子材料，包括燃煤机组环保设施运行报表（样表见附件3）、环保设施投撤和仪表标定记录表（样表见附件4）、环保分布式控制系统（DCS）历史数据曲线图或报表。
228	6	环保部门应按季度开展燃煤机组超低排放电价考核工作，与脱硫、脱硝、除尘电价考核同步进行，考核结果向社会公开。
229	6	（三）超低排放设施运行考核的主要内容是燃煤机组烟气总排放口的污染物排放浓度小时均值是否达到超低排放限值要求，烟尘、二氧化硫、氮氧化物排放中有一项不符合我省超低排放限值的，即视为该时段不符合超低排放限值要求。
230	6	污染物排放浓度小时均值以与环保部门联网有效的CEMS数据为准，超限值时段根据企业刷卡排污总量控制系统和环保DCS历史数据库数据核定。
231	5	燃煤电厂不得弄虚作假或篡改CEMS、刷卡排污系统和环保DCS的数据，弄虚作假或篡改超低排放数据的，自弄虚作假或篡改数据的季度起三个季度认定不符合超低排放限值要求。
232	6	非省统调公用热电联产机组超低排放设施运行考核采用的CEMS数据、刷卡排污系统数据和环保DCS数据，参照浙环函〔2014〕497号文件规定执行，设区市环保部门可结合本地实际进一步明确要求。
233	6	因环保部门的现场检查、设备试验等工作需要，导致机组超低排放设施全部或部分撤出投运的，自超低排放设施撤出投运至恢复正常运行状态的时段可免于考核。
234	6	其他特殊情形按《火电行业排污许可证申请与核发技术规范》规定执行。
235	6	（四）环保部门可根据工作需要委托第三方技术机构对企业报送的运行报表及相关材料进行技术审核，审核结果作为环保部门核定燃煤机组超低排放设施运行数据的技术依据。
236	6	依托排污许可证、污染源自动监控和刷卡排污等信息管理平台，逐步构建覆盖所有燃煤电厂的环保电价考核平台，将燃煤机组超低排放设施运行数据等纳入平台并形成台帐，提高超低排放电价考核的信息化管理水平。
237	6	充分应用“大数据”和“互联网+”等理念和技术，整合企业环境管理的各类信息和数据，建立完善火电行业大气污染物排放实时监控和信息化评估机制，进一步强化燃煤电厂超低排放设施的运行管理和排污许可制监管。
238	6	非省统调公用热电联产机组超低排放电价考核工作由所在地的设区市环保局负责。
239	0	（二）设区市政府对燃煤电厂超低排放改造和超低排放电价考核工作的负责部门有其他规定的，可按其规定执行。
240	0	1.浙江省燃煤电厂超低排放监测要求（试行）2.浙江省燃煤电厂超低排放技术评估报告编制大纲（试行）3.机组环保设施运行报表（样表）4.环保设施投撤和仪表标定记录表（样表）附件1浙江省燃煤电厂超低排放监测要求（试行）监测机构监测机构应具备中国国家认证认可监督管理委员会或浙江省质量技术监督局颁发的检测资质认定计量认证证书，配备适应超低排放浓度水平的烟气分析仪，在岗“大气和废气”持证人员数量满足所有测试工作同步开展需要，确保测得环保设施脱除效率准确有效。
241	0	（一）准备资料。
242	0	现场勘察和监测方案编制。
243	0	接受委托的环境监测机构根据收集的相关技术资料，对监测点位是否满足现场监测技术条件进行资料审核和现场勘察，并编制监测方案或以会议纪要形式确定工作内容。
244	0	（四）报告编制。
245	0	完成现场监测工作后，根据现场检查内容和监测结果编制监测报告。
246	0	三、监测依据下列凡是不注日期的引用文件，其有效版本适用于本文件。
247	0	（一）《关于进一步加强省统调燃煤发电机组环保设施运行监管及环保电价考核的通知》（浙环函〔2014〕497号）（二）《关于做好煤电机组达到燃机排放水平环保改造示范项目评估监测工作的通知》（环办〔2015〕60号）（三）《固定污染源排气中颗粒物测定与气态污染物采样方法》（GB/T16157）（四）《固定污染源烟气排放连续监测技术规范（试行）》（HJ/T75）（五）《固定污染源烟气排放连续监测系统技术要求及检测方法（试行）》（HJ/T76）（六）《固定污染源排放低浓度颗粒物（烟尘）质量浓度的测定手工重量法》（Stationarysourceemissions-Determinationofmassconcentrationofparticulatematter(dust)atlowconcentrations-ManualgravimetricmethodISO12141:
248	0	现场监测采样期间，企业应按要求调整负荷和入炉煤质，按照设计运行参数运行污染治理设施，应包含机组（锅炉）的高负荷水平和中低负荷水平。
249	0	工况及煤种要求见表1。
250	0	监测期间由专人负责监督工况，并记录监测期间的负荷等。
251	0	表1监测工况安排备注：
252	0	原则上省统调燃煤发电机组至少测试高硫分水平的高负荷工况和低硫分水平的高、中低负荷工况。
253	0	（二）烟气监测。
254	0	按照相关规范制定监测方案，测试烟气处理设施的脱硫、脱硝、除尘等脱除效率，排放口烟气中烟尘、二氧化硫、氮氧化物浓度，以及烟气温度、湿度、流速、含氧量、压力等烟气状态参数。
255	0	每一工况条件，二氧化硫、氮氧化物至少连续采样监测1小时，颗粒物至少采集3个样品。
256	0	所有断面测试工作必须同步进行，确保测得环保设施的脱硫、脱硝、除尘等脱除效率准确有效。
257	0	监测期间每种煤质检测分析1次，检测分析煤样的硫分、干燥无灰基挥发份和灰分等煤质参数。
258	0	（四）CEMS技术检查。
259	0	煤样的采集和煤质分析方法见表3。
260	0	75、HJ/T76、GB/T16157相关要求执行。
261	0	总排放口的二氧化硫、氮氧化物等烟气污染物推荐使用带有预处理装置（全程加热、滤尘和除湿）的傅里叶变换红外原理仪器进行监测。
262	0	（一）各监测项目监测技术人员应经过考核持证上岗。
263	0	现场测试中所用的仪器设备均应经过计量部门检定并在有效期内。
264	0	（二）便携烟气分析仪等仪器设备应放置在水平无振动的平台上；
265	0	每次测试需开机预热稳定，在每个工况、每个断面进行测试前应使用标准物质（标气）进行校准，同时对其采样、导气以及预处理和分析单元等环节进行定期维护，确保其运行正常，数据有效。
266	0	测试结束后用纯氮（或者空气）进行吹扫清洁。
267	0	（四）现场监测中各监测项目的采样和分析操作程序、质控措施应符合相关技术标准和规范要求。
268	0	测试期间，尽量不进行磨煤机切换、燃烧器调整、风量调整、所有设备吹灰等影响锅炉运行参数稳定的操作。
269	0	如有重要设备操作或检修，请及时通知监测人员。
270	0	在监测期间，锅炉负荷、氧量、烟气温度、烟气压力等应保持稳定。
271	0	（三）现场条件
272	0	采样平台的宽度（平台外侧到烟道壁或排气筒外壁的距离）应至少为直径或当量直径的1/4，但不得小于2m，确保监测人员有足够的工作面积和设备可操作空间；
273	0	防护栏杆结构要求及扶手、中间栏杆、立柱、踢脚板等材料的要求参照GB4053。
274	0	2.当采样平台距地面高度不超过2m时，可使用固定式钢直梯到达采样平台；
275	0	当采样平台距地面高度大于2m时，基准面与采样平台之间必须建设固定式钢制斜梯、Z字梯、旋转梯或升降梯。
276	0	当采样平台高度大于40米时，机组应设置通往平台的电梯、升降梯或其他安全、便捷的设施。
277	0	未建设电梯或升降梯企业，当采样平台距地面高度超过20m时，必须设计并建设安全、便捷的监测设备电动吊装装置。
278	0	3.各测试断面上的采样孔设置应符合相应规范的要求，同时设置法兰或焖盖等，确保测试时能顺利开启所有测试断面的全部试验采样孔；
279	0	采样平台应设置永久性220V低压配电箱，内设漏电保护器，为监测设备提供足够的电力；
280	0	设置接地装置和防雷保护装置，防止雷雨天气发生雷击。
281	0	监测报告编写基于现场监测及CEMS检查结果，监测机构出具监测报告，报告结论应包括：
282	0	（一）监测的各种工况负荷下，烟气污染物排放是否能稳定达到我省超低排放限值要求，处理设施效率是否能达到设计要求。
283	0	（二）CEMS比对监测是否符合《固定污染源排放烟气连续监测技术规范》（HJ/T75）规定要求，以验证CEMS设备性能的符合性及评估CEMS监测数据的准确性。
284	0	一、总论项目背景，编制依据，执行标准。
285	0	二、项目区域概况自然环境概况，环境质量现状。
286	0	3.3超低排放改造前后工程对比。
287	0	4.3监测结果与评估，总排口测试结果与评估，除尘系统监测结果与评估，脱硫系统监测结果与评估，脱硝系统监测结果与评估。
288	0	5.1稳定性评估总体要求，应包括稳定性评估方法和稳定性评估期运行参数分析。
289	0	5.2超低排放除尘装置性能评估，总排口烟尘浓度统计，除尘系统烟尘脱除效率的分析与评估，改造前后烟尘减排效果的分析与评估，除尘系统烟尘排放浓度的影响因素分析。
290	0	5.3超低排放脱硫装置性能评估，总排口二氧化硫排放浓度的分析与评估，脱硫系统二氧化硫脱除效率的分析与评估，改造前后二氧化硫减排效果的分析与评估，脱硫系统二氧化硫排放浓度的影响因素分析。
291	0	5.4超低排放脱硝装置性能评估，总排口氮氧化物浓度统计，脱硝系统氮氧化物脱除效率的分析与评估，改造前后氮氧化物减排效果的分析与评估，脱硝系统氮氧化物排放浓度的影响因素分析。
292	0	6.2改造后运行费用分析，包括脱硫系统、脱硝系统、除尘系统和其他运行费用。
293	0	七、评估结论与建议7.1评估结论，简述项目改造概况、超低排放设施性能分析及结论、监测概况及结论、DCS/CEMS记录比对结论、超低排放稳定性评估和机组超低排放稳定性评估结论。
294	0	7.2评估建议。
295	0	本报表电子件（含指标解释）另发，报表根据工作需要作出调整时再行通知。
296	0	2、3、4页（样表）环保设施投撤和仪表标定记录表-第5页（样表）备注：
297	0	2、3、4页分别为脱硫、脱硝、除尘。
298	0	第二条 本办法所称普陀区政府质量奖（以下简称区政府质量奖），是区政府设立的最高质量荣誉，是区政府对从事产品生产、工程建设、服务提供、环境保护的企业或其他组织(以下简称企业)实施卓越绩效管理、取得显著经济效益和社会效益的奖励。
299	0	第四条 区政府质量奖每两年组织评选一次，获奖企业（组织）最多不超过三家，有效期三年。
300	0	第五条 鼓励先进制造业、战略性新兴产业、现代农业和服务业、节能环保产业等重点行业的龙头骨干企业以及成长性强的中小企业，在“浙江制造”品牌建设中取得显著成效的企业积极申报。
301	11	评委会由区政府分管领导、质量强区工作领导小组成员、质量管理专家及行业协会负责人、企业家代表组成。
302	11	评委会其他成员由评审办提出建议名单，报区政府批准后公布。
303	0	（一）指导、监督区政府质量奖评审活动，决定评审工作重大事项；
304	0	（三）审议、公示评审结果，提请区政府审定拟奖企业名单。
305	0	（一）制定评审各项工作规范；
306	0	（二）选拔、考核并建立评审专家库，组建评审组；
307	0	（三）组织开展区政府质量奖申报工作，受理参评申请；
308	0	（六）向评委会报告评审工作情况，提请评委会审议候选企业（组织）名单；
309	0	（八）负责对社会各界反映问题的调查核实；
310	5	（九）监督获奖企业持续实施卓越绩效管理，规范使用获奖荣誉。
311	0	第九条 评审组由三名以上评审员组成，实行组长负责制。
312	0	其主要职责是：
313	0	（一）对申报区政府质量奖的企业提交的自评报告等进行资料评审；
314	0	（二）制订现场评审实施计划，实施现场评审；
315	0	第十条 评审员应具备以下资格条件：
316	0	（一）能认真贯彻执行党的各项方针、政策，熟悉国家有关质量和经济方面的法律、法规和规定；
317	0	（二）具有本科以上学历或高级专业技术职称、五年以上从事质量管理或专业技术工作经历，有丰富的质量管理理论和实践经验，熟悉企业质量工作情况；
318	0	（三）掌握质量管理体系审核的方法,熟悉国家标准GB/T19580《卓越绩效评价准则》和GB/T19579《卓越绩效评价准则实施指南》,具有较强的综合分析和判断能力；
319	0	（四）有良好的职业道德，能认真履行职责，严格遵守评审纪律。
320	8	第三章 申报条件第十一条 凡在普陀行政区域内具有独立法人资格，并具备以下基本条件的企业，均可申报区政府质量奖：
321	0	主要经济指标和社会贡献程度居区内同行业前茅，主导产品的技术和质量指标达到省内先进水平；
322	0	近三年在各级质量监督检查中未出现不合格，安全生产标准化创建三级及以上，无较大及其以上安全生产事故，无重大质量、环保、公共卫生等事故，无因企业责任导致的顾客、员工、供方、合作伙伴和社会对其的重大投诉；
323	0	（六）无其他违反法律法规的行为。
324	0	第四章 评审标准第十二条 区政府质量奖评审标准采用国家标准GB/T19580《卓越绩效评价准则》和GB/T19579《卓越绩效评价准则实施指南》的最新版本。
325	2	第十四条 企业应如实填写并提交《普陀区政府质量奖申报表》、自评报告及有关证实性材料，经行业主管部门、镇（街道）人民政府签署推荐意见后，在规定时限内报送评审办。
326	2	评审办对申报企业的申报资格、申报资料进行审核，确定初选名单。
327	2	第十六条 评审办组织评审组对列入现场评审的企业进行现场评审，形成综合评价报告。
328	2	第十八条 评委会通过新闻媒体向社会公示拟奖名单。
329	2	第十九条 经公示通过的拟奖名单，报区政府审定批准。
330	8	第六章 表彰、奖励及经费第二十条 对获得区政府质量奖的企业，由区政府给予表彰，颁发奖杯、证书，并给予20万元的经费奖励。
331	3	第二十一条 区政府质量奖评审所需工作经费列入区财政当年预算安排。
332	5	第七章 监督与管理第二十二条 评审办及相关管理部门应对获奖企业进行监督。
333	5	第二十四条获奖企业可在企业形象宣传中使用区政府质量奖荣誉称号及标识，但需注明获奖年份，且不得用于产品宣传。
334	5	违反上述规定的，依法责令限期改正。
335	5	第二十五条获奖企业如发生下列情况之一的，应当在情况发生后三十日内书面报告评审办：
336	5	（二）国家、省、市产品质量监督抽查不合格的；
337	5	（五）发生严重违法违规行为，并对社会造成恶劣影响，且被行政机关查处的。
338	5	 第二十六条获奖企业发生第二十五条情形之一的，或者在跟踪检查中发现其他严重问题的，评审办应进行调查，督促获奖企业进行整改。
339	5	必要时评委会可提请区政府批准，撤销其区政府质量奖荣誉。
340	5	第二十七条申报企业应实事求是，不得弄虚作假。
341	5	对采取不正当手段获取区政府质量奖荣誉的，评委会可提请区政府批准，撤销其区政府质量奖荣誉,收回奖杯、证书，追缴奖金，并予以曝光。
342	5	 第二十九条 参与评审工作的人员应实事求是、公正廉洁，保守企业的相关秘密，严格遵守评审程序。
343	5	对违反评审纪律的，视情节轻重予以批评、警告或取消评审资格。
344	5	构成犯罪的，依法追究刑事责任。
345	2	第八章 附 则第三十条获奖企业获奖满三年可自愿提出复评申请，不受名额限制。
346	0	原《普陀区政府质量奖评审管理办法》（舟普政办〔2012〕173号）同时废止。
347	0	瑞政发〔2017〕66号
348	0	各功能区管委会，各乡镇人民政府，各街道办事处，市政府直属各单位：
349	1	为进一步鼓励和引导我市企业积极对接资本市场，抓住黄金机遇期和关键窗口期，根据温州市金融办、温州市经信委、温州市财政局《印发〈关于进一步推进企业上市工作的十条意见〉的通知》（温金融办〔2017〕39号）精神，在《瑞安市人民政府关于鼓励企业对接资本市场工作的意见》（瑞政发〔2016〕100号）的基础上，提出如下补充意见。
350	8	一、加大财政奖补力度，鼓励企业A股上市。
351	0	在瑞政发〔2016〕100号
352	8	增加的部分在签订服务协议、辅导备案环节予以奖励，企业与券商、会计师事务所、律师事务所签订服务协议正式启动上市工作的奖励50万元；
353	8	2018年12月31日前上报浙江证监局上市辅导备案的，奖励550万元，每延后一年奖励额度递减100万元，辅导备案奖励分两次实施，辅导备案后先奖励100万元，其余在辅导验收后兑现。
354	8	二、鼓励企业境外上市（根据温州市考绩考核认定标准），成功上市后一次性奖励800万元。
355	12	三、鼓励上市公司、新三板挂牌企业迁入瑞安。
356	8	注册地和纳税地均迁入瑞安，且符合产业导向的上市公司，根据形成地方财政贡献大小给予一次性奖励，金额不超过1000万元，并视同市内新上市公司享受同等待遇，按招商引资“一事一议”的方式办理。
357	12	五、建立政府与企业风险共担机制。
358	16	市政府设立总规模2亿元的上市风险共担基金，对列入重点辅导推进的拟上市企业在上市过程中增加的费用，根据企业股改时确定的股本总额分档给予垫付：
359	16	股本总额1亿股（含）以下的，给予垫付1000万元；
360	16	股本总额超过1亿股的，给予垫付1500万元。
361	16	企业成功上市的，风险共担基金按“垫付金额+当期贷款基准利率计息”退出；
362	16	未通过IPO审核的，仅收回给予企业的“垫付金额”，或经同意后按其他方式处理。
363	16	自风险共担基金资金拨付之日起两年内，未申报IPO材料的企业，按“垫付金额+当期贷款基准利率计息”收回。
364	10	六、加大政府服务力度。
365	10	企业在上市过程中，若涉及环保、税收、“五险一金”缴纳等问题，环保、税务、人力社保、公积金管理等部门要做好服务和指导；
366	10	市相关部门要全力配合支持出具相关证明；
367	10	上市、新三板挂牌涉及的有关问题按照“一事一议”的方式办理。
368	10	推进企业上市工作联席会议成员单位对列入上市、新三板挂牌培育对象的企业（市金融办公布名单）实施一对一帮扶服务。
369	0	七、优惠政策收回。
370	5	拟上市企业自认定之日起5年内未能实现上市，终止享受优惠政策。
371	5	企业、中介机构借上市之名，弄虚作假、恶意骗取财政资金的，按有关法律、法规处理，并依法列入失信黑名单。
372	8	八、对鼓励引导企业在A股上市成功做出重要贡献的乡镇（街道）、经济开发区实行财政体制奖补，上市成功后按瑞政办〔2017〕89号文件奖励工作经费500万元。
373	0	“申请企业三年内有重大违法违规行为的，不得享受此政策”；
374	0	取消瑞政发〔2016〕100号
375	0	文件第二大点扶持政策中第24项对中介机构的奖励规定。
376	0	瑞政发〔2016〕100号
377	0	文件中有关扶持政策与本意见不一致的，以本意见为准。
378	0	本意见自2017年8月25日起施行，执行到2021年12月31日，由市金融办负责牵头组织实施。
379	0	市委各部门，市人大常委会、市政协办公室，市人武部，市人民法院、市人民检察院，各办事处，各民主党派、人民团体、新闻单位。
380	0	瑞安市人民政府办公室2017年7月21日印发
381	0	桐服务业领〔2017〕2号
382	0	关于印发服务业强市培育发展的若干政策意见的通知
383	0	《关于服务业强市培育发展的若干政策意见》已经市服务业发展工作领导小组审核同意，现予印发，请认真贯彻执行。
384	1	关于服务业强市培育发展的若干政策意见桐乡市服务业发展工作领导小组2017年8月4日附件关于服务业强市培育发展的若干政策意见根据《关于促进经济转型升级创新发展若干政策意见（2017～2019年）》（桐委发〔2017〕11号）文件精神和省、嘉兴市关于服务业集聚发展的政策要求，为了加快服务业强市培育发展，加大服务业集聚、生产性服务业、文化产业、旅游业、楼宇（总部）经济、高技术服务业、会务会展等现代服务业重点领域扶持力度，特制定本政策意见。
385	12	一、推动现代服务业集聚发展
386	8	对成功入围国家级、省级服务业产业平台的，分别给予100万元、50万元奖励；
387	8	对列入国家、省级现代服务业集聚示范区的，按上级补助标准一次性予以全额补助，主要用于规划编制和公共平台建设；
388	8	对获得省服务业集聚示范区评价位列行业前三的，分别给予20万元、15万元、10万元奖励。
389	8	4.省级、嘉兴市级现代服务业集聚示范区内的项目，优先申报省服务业重大项目计划、省重点建设项目和省服务业引导资金，优先安排建设用地指标；
390	12	二、加大生产性服务业发展支持
391	12	5.鼓励生产性服务业项目建设。
392	8	对新建投资5000万元以上的货物运输、仓储、商务服务项目和500万元以上的研发设计与技术服务项目（政府投资除外），竣工验收通过后，按其实际投资额的4%给予一次性限额200万元补助；
393	8	项目列入省级重大产业项目、省重大服务业建设项目的，奖励比例与限额分别再提高1个百分点和100万元。
394	12	6.提升发展现代物流业。
395	8	支持物流企业实施多式联运等创新工程，对列入嘉兴市级、省级及以上试点的，分别给予10万元、20万元奖励；
396	8	对物流基地（园区）内信息交易中心，其驻点税务机构代开运输发票额度达到2000万元及以上，并经统一电子平台申报后，给予信息交易中心当年地方财政贡献（企业所得税、增值税，下同）80%的奖励；
397	12	7.鼓励引进商务中介企业。
398	8	对新引进或设立的年销售收入在500万元以上的会计审计、评估咨询、安全生产服务等商务中介服务企业，地方财政贡献给予三年50%的奖励。
399	12	9.大力发展电子商务，助推产业提升发展。
400	8	具体按《关于加快发展互联网经济的扶持政策》予以奖励。
401	8	10.鼓励金融服务业发展。
402	16	对股权投资行业、银行、小贷公司、担保公司等，按支持金融发展的相关政策予以支持。
403	8	11.鼓励分离发展服务业企业。
404	15	对新实施分离服务业的企业，在不新增企业用地的情况下，在考核年度亩产税收指标时，体现在分离的服务业企业的税收，可计入分离服务业企业的亩产税收总量。
405	10	12.对经济转型升级具有重要带动作用，但自身盈利水平不高的研发设计、仓储物流等生产性服务业项目，实行与工业项目用地同等的供地方式。
406	10	13.土地使用者在不改变用地主体、不重新开发建设、符合消防安全等前提下，充分利用工业厂房、仓储用房等存量房产和土地资源兴办信息服务、研发设计、文化创意产业等现代服务业的，按照《桐乡市临时改变房屋用途管理规定》（市人民政府令109号）申请办理临时改变房屋用途手续，可以保留其土地用途暂不变更。
407	0	土地收益金=（评估确认楼面地价－合同成交楼面地价）×临时改变用途房屋建筑面积×批准年限×2.5%。
408	8	16.对新引进符合我市“十三五”重点支持发展的文化休闲旅游业、信息服务业、创意设计业、现代传媒影视业和会展服务业的文化产业企业，给予地方财政贡献前5年100%后5年50%的奖励。
409	8	设立贷款风险补偿资金，由银行、企业和政府共同承担风险，解决文创企业融资难问题，支持文创企业发展。
410	8	对主营业务收入首次达到规模以上、1000万元(含)、2000万元（含）的，分别一次性奖励5万元、10万元、20万元。
411	12	鼓励创意设计与我市传统产业融合发展，促进传统产业转型升级。
412	8	对注册在我市的企业，其作品参加由权威机构或部门组织的国际级、国家级、省部级大赛并获得三等奖及以上荣誉的，采取竞争性分配方式分别给予10万元、8万元、5万元的一次性奖励。
413	12	19.推动文化产业集聚发展。
414	8	鼓励社会机构进行文化产业园区的建设和改造，对经认定的文化产业园区（基地），按照建设和改造实际投入资金（不含土地）的30%对建设单位予以补助，每个项目补助金额最高不超过100万元。
415	8	对入驻经认定的文化产业园区（示范基地），租期在三年以上，给予房租补贴奖励，按每月每平方10元补贴，最长补3年，每单位每年最高补贴5万元。
416	8	被评为国家级、省级、嘉兴市级文化产业园区（示范基地）的，分别给予一次性50万元、30万元、10万元的奖励。
417	8	对获得省、国家“五个一工程”奖的文化精品创作企业，获得华表奖、金鸡奖、百花奖、金鹰奖的电视或电影创作企业（不含个人奖）分别给予100万元、200万元奖励。
418	8	对影视、动漫、网游等获得其它国家级以上优秀作品的企业，给予一次性50万元的奖励。（同一项目从高不重复奖励）
419	8	21.对获得国家级、省级文化产业出口基地的，分别给予50万元、30万元奖励。
420	12	22.支持体育产业发展。
421	8	对主营业务年销售额首次达到2000万元、5000万元和1亿元的体育用品生产企业分别给予5万元、10万元和20万元的奖励。
422	8	对新开办的健身休闲企业和体育特色培训机构，经认定，3年内给予不高于50%的房租补贴，每年最高不超过10万元。
423	8	对新认定的省级体育用品生产企业、服务业示范企业给予一次性奖励5万元。
424	8	对新认定为国家体育产业示范基地、国家体育产业示范单位、国家体育产业示范项目，分别给予50万元、30万元、10万元的一次性奖励（省级减半执行）。
425	8	对入围浙江省、嘉兴市体育产业发展资金项目库的优质项目分别给予10万元、5万元的一次性奖励。
426	12	23.培育重大及品牌商业体育赛事。
427	8	对举办或承办省级、国家级、国际性重大商业体育赛事且符合一定条件的，经认定，按规模给予10万～30万元的一次性补助。
428	8	对落户桐乡3年以上的国内、国际品牌商业体育赛事，经认定，一次性分别给予20万元、50万元的补助。
429	12	四、加快旅游产业发展
430	8	24.加快推进以乌镇为核心的“一业一网”建设，壮大实体经济，推动旅游业由“景点旅游”向“全域旅游”转变，大力发展古镇旅游、乡村旅游、文化旅游、会务经济等，满足多样化、多层次的旅游消费需求，全面推动国家全域旅游示范区创建，具体按《关于全面推进全域旅游提升发展的专项补助政策意见》予以奖励。
431	12	五、推进互联网服务产业发展
432	12	25.大力发展大数据、互联网医疗等服务产业，推动乌镇互联网创新发展试验区和网络智慧强市建设。
433	8	培育引进互联网服务业企业，具体按《关于加快发展互联网经济的扶持政策》予以奖励。
434	10	26.鼓励楼宇设施改造。
435	12	28.鼓励做大做强重点楼宇。
436	8	重点楼宇入驻服务业企业（金融和房产企业除外且注册地为该楼宇）当年新增税收总额达到1000万元、3000万元以上的，分别给予招商运行单位新增税收总额2%、3%的招商奖励。
437	8	29.鼓励重点楼宇专业化管理。
438	8	对新引进一级资质物业管理企业的重点楼宇，给予委托方一次性10万元奖励。
439	12	30.鼓励引进总部经济。
440	0	31.鼓励组办、承办商贸会展。
441	8	引进市外并在我市成功举办的区域性、全国性、国际性商贸会展,经相关部门会前备案会后认定的,对引进方给予5万元、10万元、15万元的补助；
442	8	对注册在本市的会展公司承办的区域性、全国性、国际性商贸会展活动，节期在3天及以上的，给予承办方或组织者10万元、30万元、50万元的补助。
443	8	32.对年度列入省服务业重点企业的，给予10万元奖励并对其地方财政贡献同比增速超过10%部分给予全额奖励。
444	15	报经地税部门批准，2年内对其新增加的房产和用地并给予减免房产税和城镇土地使用税的优惠。
445	8	对获得嘉兴市服务业二十强企业的，给予企业5万元的奖励。
446	12	33.鼓励行业企业规模发展。
447	8	对年承接物流业务首次达到5000万元、1亿元、1.5亿元的物流企业，给予一次性10万元、20万元、30万元奖励；
448	8	对主营业务收入首次达到500万元、2000万元、5000万元的研发设计与技术服务、信息服务、节能与环保服务、商务服务、人力资源管理与培训服务、批发经纪代理服务企业，给予一次性5万元、10万元、30万元奖励。
449	8	34.对家政、养老等社区服务业企业（组织），凡年销售收入达到100万元以上，给予地方财政贡献80%奖励。
450	8	38.鼓励物流企业争创品牌，对参与行业评估获得AAA级、AAAA级、AAAAA级称号的现代物流企业，分别给予一次性15万元、30万元、100万元奖励。
451	8	对新获得行政认定的浙江省名牌产品给予一次性20万元的奖励；
452	8	对新获得行政认定的中国驰名商标、国家级诚信民营企业的企业给予限额50万元的奖励；
453	8	对收购行政认定的中国驰名商标和浙江省著名商标、商标品牌示范企业、AAA“守合同重信用”企业、知名商号，经认定后，分别给予限额50万元、20万元奖励。
454	8	39.对新评定为省级四星、五星的文明规范市场（不含农贸市场），分别给予一次性20万元、50万元奖励。
455	8	对列入嘉兴市、省级、国家级服务业标准化试点项目并通过验收的，分别给予5万元、10万元、15万元奖励。
456	12	十、支持服务外包发展
457	0	41.扶持服务外包企业业务拓展。
458	8	对于系统内年度离岸外包业务实绩达到50万美元以上的企业，给予10万元以内分档奖励。
459	12	十一、鼓励服务业企业人才引进
460	12	42.鼓励引进海内外高层次人才。
461	0	十一、其他
462	0	十二、操作程序
463	2	（二）符合申报规定条件的企业或项目，按申报要求在规定时间内，将申报材料上报所属镇街道、开发区、振东新区预审后，报行业主管部门。
464	2	（三）行业主管部门会同市财政局进行审核，确定拟支持项目和企业初步名单。
465	2	属项目补助的由市财政局委托中介机构进行审计。
466	2	（四）采取竞争性分配方式的项目由行业主管部门会同市财政局通过要件审核、项目评审、集体决策、差额遴选等环节，确定项目实施单位及补助资金分配的初步方案。
467	2	并通过其门户网站向社会公示竞争性分配初步结果和其他拟支持项目（企业）初步名单，在公示期间发现问题并经核查属实的，取消该项目（企业）奖补资格。
468	2	（五）由行业主管部门和市财政局按相关程序联合发文公布后予以兑现。
469	0	十三、附则
470	0	（一）本政策适用于注册和纳税均在我市的服务业企业，所指的投资规模均不含土地款。
471	0	同一企业的同一项目符合多项条款的，按就高原则不重复享受,涉及进档升级的给予两档之间的差额补助；
472	0	对由财政（国资）承担的项目和奖补对象为部门、镇、街道或园区的，均不纳入本政策；
473	0	对由政府（国资）参股的项目、平台等，按民资比例予以奖补。
474	0	（二）名词解释
475	0	3.服务外包企业是在商务部服务外包和软件出口信息管理应用系统（简称“系统”）审核通过的企业。
476	0	4.文化产业行业界定：
477	0	信息服务业主要指互联网信息服务、增值电信服务（文化部分）、广播电视传输服务、通信终端设备制造、信息技术咨询服务等行业。
478	0	创意设计业主要是指时尚设计、软件设计、广告设计、包装设计、工业设计、工艺美术品设计等。
479	0	会展服务业主要是指文化节庆、会展活动、展览服务业等。
480	0	体育产业主要指体育用品制造业、体育用品销售业、体育娱乐及相关服务业等。
481	0	（四）对采取“一事一议”的重大服务业项目，不再享受本政策。
482	4	（七）企业获得的各类奖补总额原则上不得超过该企业当年度地方财政贡献的50%，奖励（补助）金额低于3万元的原则上不予兑现。（文化产业和参展除外）
483	0	（八）本政策自2017年1月1日起执行，政策执行期为三年。
484	0	分别由发改局（服务业发展局）、宣传部、商务局、市场监管局、质监局、文化局（体育局）会同财政局负责解释。
485	0	抄送：
486	0	桐乡市服务业发展工作领导小组办公室2017年8月4日印发
487	0	武委发〔2017〕15号
488	0	各乡镇、街道，县直属各单位：
489	1	根据中央、省、市人才发展体制机制改革精神，为切实加强我县县域人才工作竞争力，打造人才生态最优县，特提出如下意见。
490	12	1．大力引进高端领军人才。
491	8	对在我县申报入选的国家、省“千人计划”人才，按照上级补助金额给予1:
492	8	国家、省“千人计划”人才来我县创新创业的，视绩效评估结果，分别给予最高400万元、200万元的资助。
493	12	2．深化“武川精英计划”。
494	8	对入选“武川精英计划”创业人才项目，按照重大项目、A类、B类、C类，在五年扶持期内，分别给予5000万元、1000万元、500万元、200万元资助；
495	8	对入选“武川精英计划”创新人才按重点资助、优先资助，分别给予100万元、50万元的资助。
496	8	入选金华市“双龙计划”的人才项目，直接列入“武川精英计划”管理，并按相应类别进行资助。
497	12	3．加大柔性引才力度。
498	8	武义籍在外人才获得行业顶尖荣誉，根据在武义合作项目绩效，给予最高1000万元的奖励。
499	8	对海外高层次人才在武义建立外国专家工作平台的，给予10万元补助。
500	8	支持人才中介服务业发展，对新成立的注册资金不少于100万元且正常运营一年以上的人力资源服务企业，按绩效给予最高10万元的奖励。
501	8	1、2、3、4类人才，分别给予50万元、20万元、10万元和5万元奖励。
502	8	鼓励企业引进符合国家、省“千人计划”申报条件的高层次海归人才，经认定后，所在单位可申请引才补助，标准按计税报酬总额的15%，最高每人每年10万元，期限最长3年。
503	8	对参加全县统一组织的国内外招才引智活动的单位，每年给予最高5万元的经费补助。
504	12	5．创新事业单位引才政策。
505	0	事业单位可设置特设岗位，引进特别优秀的专业技术人才，不受岗位总量、岗位等级和结构比例限制。
506	12	6．强化本土人才培养。
507	0	2配套；
508	8	对新任国家级、省级行业协会副职以上职务以及市级行业协会正职职务的人才分别给予5万元、3万元、1万元的一次性奖励。
509	8	对经认定的名师、名家、名医等工作室，视绩效给予最高每年1万元的经费资助，期限最长3年。
510	12	7．加强企业经营管理人才培育。
511	8	8．深化技能人才培育。
512	8	对企业与大中专院校联合举办的在职人员培训班，经申报认定，最高给予10万元补助。
513	8	对参加校企合作技能人才培养模式的企业，按照每人每月不低于最低工资标准的60%给予补助。
514	8	对承办高技能竞赛、研修的给予最高10万元补助。
515	8	高技能人才获国家级、省级荣誉和建立国家、省、市技能大师工作室的，按上级奖励给予1:
516	12	9．推进乡土人才全域化培育。
517	8	积极培育乡土人才工作室，视绩效给予最高每年1万元的经费支持，期限最长3年。
518	12	10．大力支持高校毕业生就业创业。
519	8	对首次引进且全职在武义企业工作的全日制硕士研究生及以上学历毕业生、“985”“211”院校（不包括二级学院）本科毕业生、其他全日制普通高校本科毕业生分别给予2000元/月、1500元/月、800元/月为期6个月的生活补贴。
520	8	对在武义见习或岗位实践的全日制普通高校生给予500—1000元/月的生活补贴。
521	8	对高校组团赴武义开展社会调查、志愿服务等活动的，经申报认定后，最高给予10万元项目经费补助。
522	8	为大学生创业提供金融扶持，大学生自主创业可申请贷款额最高30万元的三年贴息补助，创办合作企业可申请贷款额最高50万元的三年贴息补助。
523	8	在校大学生和毕业5年内的高校毕业生初次创办养老、家政服务和现代农业企业，视经营状况给予最长3年，累计不超过10万元的创业补贴；
524	8	参加我县组织的优秀创业者能力提升培训的，每人每年最高补贴1万元。
525	8	新建或整体迁入独立国家级科研院所、国内著名科研机构、国内一流高等院校设立的分所（院、校），根据引进协议“一事一议”予以资助。
526	8	大院名校（所）在武义设立技术转移工作站的，每年给予最高40万元的经费资助，对促成技术成果向我县企业转化的，按不超过技术合同中实际发生技术交易额的一定比例给予补助。
527	8	支持大院名校（所）重大科技成果在武义产业化，对围绕我县五大百亿产业等领域牵头实施的国家科技专项成果在武义产业化的项目，“一事一议”给予配套资助。
528	12	为进一步促进科技成果转化，鼓励事业单位科研人员携带科研项目、成果或技术离岗创业创新。
529	0	离岗创业人员可在5年内保留人事关系和档案工资，与原单位合同约定社会保险、住房公积金及其他待遇，并享有在职人员职称评聘、岗位等级晋升等同等权利。
530	12	13．加强企业创新平台建设。
531	12	加大对武义科技城扶持力度，出台武义县科技城专项招才引智政策。
532	8	对新获批的省级重点企业研究院、省级重点农业企业研究院、省级制造业创新中心，按上级规定给予补助。
533	8	对新认定的省级企业研究院、省重点实验室（工程技术研究中心）给予20万元奖励，其他国家级、省级、市级研发机构，分别给予15万元、10万元、5万元的奖励。
534	8	对建立国家级、省级和市级院士专家工作站的分别给予100万、50万元、20万元奖励；
535	8	对年度绩效考核优秀的给予10万元奖励。
536	8	对出站博士后留在企业全职工作三年以上的，给予一次性10万元补助。
537	12	14．加快人才创业平台建设。
538	8	对在武义落地的项目参加国家级、省级创客大赛并获奖的，给予最高30万元的资助。
539	9	积极探索在京、沪、深、汉、杭等重点城市建立科创中心，引导本地企业加强研发投入，吸引中高端人才。
540	8	鼓励企业依托武义的研发总部在县政府统一规划地自主设立异地非法人研发机构，最高给予年租金50%的补助，单个场所最高50万元，补助期限最长3年，累计补助最高200万元。
541	12	积极推动社会工作基地创建，吸引社会工作人才，推进全县社会工作发展。
542	8	社会工作基地经登记，并正常开展社会工作活动，每个基地给予最高5万元的补助，补助期限最长3年。
543	12	15．强化创业创新金融保障。
544	16	支持产业基金与创业投资机构、行业龙头企业合作设立种子基金，加大对重点产业领域高层次人才创业企业的投资力度。
545	16	出台针对人才创办企业的政策性融资担保机制，对获风险投资的，给予不超过投资额50%，最高500万元的政策性担保。
546	16	对无政府基金参与的，基金总额1000万元以上的各类投资机构，投资我县人才创办的创新型初创企业比例超过基金总额30%的，或累计投资上述类型企业超过1000万元的，可给予不超过其投资总额的3%补助，单个项目最高30万元补助，单家投资机构累计不超过100万元。
547	12	16．完善税收优惠保障。
548	12	完善落实人才税收优惠政策。
549	15	对符合税法规定的研究开发费用，形成无形资产的按其成本150%摊销，未形成无形资产的按当年研发费用实际发生额的50%加计扣除；
550	15	创业投资企业采取股权投资方式投资于我县未上市的中小高新技术企业2年以上的，按照其投资额的70%在股权持有满2年的当年抵扣该创业投资企业的应纳税所得额，当年不足抵扣的，可以在以后纳税年度结转抵扣。
551	15	企业因引进人才支付的一次性购房补助、安家补贴、科研启动经费等费用，可据实在计算企业所得税前扣除。
552	10	17．强化住房安居保障。
553	8	对在本县企事业单位工作，符合我县有关政策且未在我县购房的各类人才，可申请一次性购房补助,国家“千人计划”专家及同层级人才给予补助80万元；
554	8	省“千人计划”专家及同层级人才给予补助60万元；
555	8	市“双龙计划专家”、博士研究生、正高级专业技术职务任职资格人员及同层级人才给予补助15万元；
556	8	硕士研究生、副高专业技术职务任职资格人员、县级拔尖人才及同层级人才补助3万元，大学本科学历并获得学士学位的国家“211”工程院校（不包括二级院校）毕业生及同层级人才补助2万元。
557	10	1、2、3类人才子女入学在非义务教育阶段给予市民待遇。
558	12	19．营造重才爱才的社会氛围。
559	0	建立健全人才服务专员、人才专项例会等制度，经常性协调处理人才遇到的困难和问题。
560	0	健全人才荣誉制度，对贡献突出、有参政议政能力的高层次人才，优先推荐担任党代表、人大代表、政协委员和评定劳动模范等荣誉称号。
561	0	改进人才项目绩效评价办法，建立宽容失败、容错免责机制。
562	12	20．增强党对人才工作的领导。
563	11	完善党委统一领导，组织部门牵头抓总，有关部门各司其职、密切配合，社会力量发挥重要作用的人才工作新格局。
564	11	理顺党委和政府人才工作职能部门职责，将行业、领域人才队伍建设列入相关职能部门“三定”方案。
565	0	本意见与我县现有政策有重复、交叉的，按照“从优、从高、不重复”原则执行。
566	0	相关职能部门，按照简便、快捷的要求，制定政策兑现操作细则。
567	0	附件：
568	0	第2类：
569	0	国家“千人计划”专家，国家“万人计划”专家，百千万人才工程国家级人选，国家有突出贡献的中青年专家，中科院“百人计划”A类人才，长江学者，国家杰出青年基金项目完成人，国家科学技术一等奖获得者（前三位完成人），中华技能大奖获得者，省领军型创新创业团队带头人，相当于上述层次的人才；
570	0	第3类：
571	0	一、二层次培养人选，省重点创新团队带头人，国家科学技术二等奖、省科学技术一等奖获得者（前三位完成人），省特级专家，省钱江技能大奖获得者，市“双龙计划”A类人才，相当于上述层次的人才；
572	0	第4类：
573	0	第5类：
574	0	二、三层次培养人员，享受县政府津贴优秀人才，硕士研究生(不含在职教育学历)，副高专业技术职务任职资格人员（具有全日制大专以上学历），高级技师（指生产操作人员），获得学士学位的“985”“211”高校（不包括二级院校）全日制本科毕业生；
575	0	第6类：
576	0	普通高校全日制本科毕业生，中级职称任职资格人员，技师（指生产操作人员），事业单位急需紧缺专业引进人才。
577	0	中共武义县委办公室2017年8月7日印发
578	12	重点发展以生物医药、新材料、高端装备、新能源汽车和新一代信息技术为代表的战略性新兴产业。
579	8	对新建符合战略性新兴产业发展指导目录，且固定资产投资在5000万元及以上（不含土地款，下同）的企业，经考核验收，自投产当年开始三个会计年度，按企业对地方经济发展贡献全额给予补助。
580	8	对符合战略性新兴产业发展指导目录，固定资产投资5000万元及以上，或纯设备投资1000万元及以上的项目，按设备投资额的12%给予补助。
581	12	第二条鼓励企业加大技改投资。
582	8	对装备投资额在200万元及以上的普通技改项目，按设备投资额的5%给予补助，单家企业最高补助额不超过200万元。
583	12	推进制造业+互联网融合发展第三条鼓励企业实施智能化改造。
584	8	未列入前款但纯软件投资20万元及以上的其他项目，按软件投资额的10%给予补助。
585	12	第四条提高两化融合应用水平。
586	8	对于新增企业上云项目，按有效投入额的15%给予补助，最高补助额不超过50万元。
587	12	第五条加快信息经济和软件产业发展。
588	8	在临海注册的智能制造工程服务公司和软件企业，其年度工程和信息服务主营收入达到500万元及以上的，按其纳税收入给予2%的补助，最高补助额不超过200万元。
589	8	鼓励行业协会建设专利数据库，按数据库软件建设费用30%给予补助，最高补助额不超过5万元。
590	12	鼓励企业做优做强第六条实施“2513”企业培育工程。
591	0	对全市规模以上工业企业，以市内计税销售收入和应交税收为依据，进行“十强企业”、“五十强企业”、“百强企业”排序表彰。
592	0	对当年入库税收5000万元及以上的企业法定代表人，市委、市政府授予其“功勋企业家”荣誉称号，并颁发金牌给予表彰。
593	0	建立“百强企业”和“功勋企业家”荣誉宣传制度，在重点公共场所及新闻媒体宣传入选企业与企业家光荣事迹。
594	12	第八条推动企业制度创新。
595	12	促进企业“个转企”、“小升规”、“规改股”。
596	12	对当年新进规模企业，且符合我市产业导向的，自上规当年起三年内，地方经济发展贡献超过上一年部分给予全额补助。
597	3	推动企业进行产权制度改革，实施规上企业股份制改造计划，对完成股份制改造的企业，给予50万元的补助。
598	12	第九条提升企业现代管理能力。
599	8	鼓励企业引进管理咨询服务机构，对列入市级管理提升项目，当年实际发生的引进管理咨询（不含各类认证及培训项目）费用支出总额大于20万元的企业，按25%的比例给予补助，最高补助25万元。
600	12	第十条推进企业兼并重组。
601	12	鼓励产业优势企业开展并购重组，推动结构优化，充分发挥财政资金的引导和杠杆作用，提高企业兼并重组能力。
602	12	第十一条加强小微企业融资担保体系建设。
603	8	贷款银行对小微企业的新增贷款风险补偿，执行《浙江省小企业贷款风险补偿办法》的有关规定，市财政按1∶1比例予以配套。
604	8	超过8000万元的超出部分按月均担保余额的0.2%给予补助。
605	12	第十二条加大对科技型企业信贷支持。
606	8	每年安排企业家培训经费200万元，以提高企业经营管理水平为核心，对企业负责人开展分领域、分层次、多形式的培训，促进企业家综合素质全面提升。
607	12	第十四条打造“工匠精神”产业工人队伍。
608	8	对企业年度使用职工培训经费超过规定提取部分，按10%予以补助，最高补助额不超过50万元。
609	8	对符合规范化要求的市级制造业行业协会每年补助工作经费5万元；
610	12	大力推进科技创新第十六条加强创新载体建设。
611	0	鼓励产值亿元以上企业建立研发技术中心，产值10亿元以上企业建立研究院。
612	8	支持科技型企业加大研发投入。
613	8	对四证齐全的，再给予50万元奖励。
614	8	鼓励企业与高等院校、科研院所、市外企业开展技术合作，按企业当年实际支付技术合同金额的30%给予补助，最高不超过50万元；
615	8	鼓励企业引进“大院大所”共建创新载体，经联合认定为引进大院名校共建创新载体的，一次性给予补助5万元；
616	8	对通过浙江省网上技术市场成功竞拍的，购买技术成果交易额达到50万元及以上的项目，每项再给予3万元的经费补助。
617	8	一、二、三等奖的分别奖励50万元和30万元、20万元、10万元（非第一完成单位奖励减半）。
618	12	积极开展市校合作，搭建科技合作平台。
619	8	企业开发被认定为国家级、省级装备制造业重点领域首台（套）产品的，每项分别给予50万元、20万元奖励。
620	12	第十九条鼓励企业实施知识产权战略。
621	8	对专利申请地址在本市行政区域内，自专利授权之日起一年内可申报专利授权奖励，国内发明专利每件2.5万元、实用新型专利每件1000元、外观设计专利每件500元；
622	8	国（境）外（包括港澳台）发明专利每件3万元，同一专利最高奖励9万元。
623	12	加强知识产权创造、运用、保护，支持企业进行专利维权。
624	8	对企业利用授权或引进的发明专利实施的产业化项目，三年内该专利技术产品累计销售额达到1000万元以上，经认定，属独立整件产品的每项给予一次性奖励10万元，非独立整件产品的给予一次性奖励5万元（同一产品有多项专利的视作一项），每年每家企业限报3项。
625	12	推进“三强一制造”第二十条强化质量供给建设。
626	12	实施“三强一制造”工程，打响临海制造区域品牌。
627	8	深入推进质量强市建设，对获得台州市政府、临海市政府质量奖的企业，分别给予50万元、30万元奖励。
628	12	第二十一条加强标准体系建设。
629	8	鼓励企业采用国际标准、国外先进标准、国家标准和行业标准，获得采标标志证书，给予每个奖励5万元；
630	8	获得采标确认证书，给予每个奖励2万元。
631	8	对作为国际标准、国家标准、行业标准或浙江省地方标准制订第一起草单位的企业，分别给予每个标准奖励100万元、20万元、10万元和5万元，其他主要起草单位减半奖励；
632	8	承担组建国家标准化专业技术委员会、分技术委员会（工作组）或省标准化专业技术委员会的企业，分别一次性给予30万元、20万元和10万元的奖励。
633	8	对通过国家级标准化试点项目验收的单位，给予一次性奖励50万元。
634	12	第二十二条推进品牌建设。
635	8	对当年被认定驰名商标保护的企业给予50万元奖励；
636	8	对获得省级品牌基地的，给予奖励10万元。
637	8	对获得浙江名牌产品、省著名商标及省商标品牌示范企业的企业给予奖励8万元。
638	12	全面推行绿色制造第二十三条推进节能技术改造。
639	8	对通过电平衡测试的企业补助5万元，且对项目中设备投资额超过50万元部分给予10%的补助，单家企业最高补助额不超过30万元。
640	12	第二十四条加快实施智慧能源。
641	12	第二十五条推行清洁生产。
642	8	列入强制性清洁生产审核计划并通过审核验收的企业奖励3万元；
643	8	首次获得省绿色企业称号的奖励5万元。
644	3	企业淘汰落后设备（国家、省明令淘汰的设备）的，按账面设备净值的20%给予补助，单家企业最高补助额不超过30万元。
645	0	企业享受优惠及奖励总额不能超过该企业当年度对地方经济发展贡献（公共服务平台、行业协会及政策中另有说明的除外）。
646	0	奖励资金用于企业再生产。
647	12	第二十九条以前出台的相关政策与本意见不一致的，按本意见执行。
648	0	《关于印发进一步加强创新驱动加快推进工业经济转型升级实施意见的通知政策》（临政发〔2014〕35号）同时废止。
649	0	附件：
650	0	一、产业统计范围：
651	0	工业企业。
652	0	二、销售收入统计范围：
653	0	在临海纳税的销售收入。
654	0	按照以企业为纳税主体在临海缴纳的全部税收统计，不包括非税收入及企业代扣代缴的个人所得税。
655	0	四、地方经济发展贡献企业部分仅指增值税、企业所得税、契税地方所得部分；
656	0	五、合并报表范围：
657	0	1、母公司下属的独立子公司，属于全资子公司的，纳入统计合并范围；
658	0	2、母公司下属企业为上市公司的，母公司为上市公司第一大股东的，可纳入统计合并范围。
659	0	3、资本关联企业，相同的股东在多家企业中均持有50%（不含）以上股份的，这些企业可合并统计税收；
660	0	几家上市公司的第一大股东为同一法人或自然人的，可合并统计税收。
661	0	临海市人民政府办公室印发
662	12	1.扶持龙头骨干企业发展。
663	12	实施新一轮工业企业“龙腾”工程，对列入“龙腾”工程名单的企业，加大要素资源保障，优化直通服务，并根据企业规模、行业带动、成长速度、综合效益等综合情况，择优给予重点扶持，具体实施意见另行制订。
664	8	对首次认定为市单项冠军培育企业、制造业“三名”企业的，分别给予30万元、50万元奖励。（发改局、财政局、经信局）
665	8	对经认定符合我区产业导向的智能制造、信息技术、节能环保、金融保险、生命健康、文化旅游1等优质项目，高端人才项目，强链补链型临港产业项目、港口后服务业项目以及城市功能项目，根据投入和产出等情况给予重点扶持。
666	8	具体政策另行修订。（投合局、招商局、财政局）
667	8	对符合市战略性新兴产业导向或列入区高成长企业培育计划的工业企业，根据其综合效益、成长性、贡献度等，择优给予最高300万元的奖励，实施办法另行修订。
668	0	市补战略性新兴产业发展资金使用细则根据实际另行制订。（发改局、经信局、财政局）
669	16	根据国家、省、市和区域产业发展导向，设立产业发展基金，重点用于支持重大产业项目、战略性新兴产业项目、初创型项目、人才引进、金融上市等领域。
670	0	实施办法另行制订。（财政局）
671	12	5.鼓励企业加大技改投入。
672	8	对成长型、创新型小微企业（企业年产值放宽到30002万元以内），当年设备（单台5万元及以上）累计投资100万元以上的，按设备实际投入额的5%予以补助，单个企业（集团）补助不超过30万元；
673	8	以上列入“龙腾”工程和高成长企业培育计划的，最高补助不超过100万元。
674	8	以上技改项目中，对购买区内设备部分或企业列入“龙腾”工程和高成长企业培育计划的，均按原适用补助比例上浮20%给予补助。
675	4	以上技改政策，企业可根据实际情况从高享受，但不得重复申报。（经信局）
676	12	6.鼓励发展智能装备产业。
677	8	经认定的智能装备企业（含三年内首次认定的高新技术企业，其它高新技术企业除外），年度研发投入50万元以上的，按照研发费用投入给予8%的补助，每家企业最高不超过20万元。
678	8	对认定为国内、省内首台（套）装备产品的，分别给予最高50万元、25万元的补助。（科技局、经信局）
679	12	7.鼓励企业实施智能化改造。
680	8	列入宁波市“两化”深度融合管理体系试点企业的奖励5万元；
681	8	鼓励工业企业剥离软件业3务独立发展，对当年剥离并落户区内的软件企业给予15万元以内的补助。
682	8	对获评市级智能制造工程服务公司的企业，给予20万元的补助。（经信局）
683	12	三、加快推进产业转型升级
684	12	9.支持优势企业对本地企业兼并重组。
685	8	对列入区政府帮扶名单的面临暂时困难的潜力型企业或其资产实施兼并重组的，按上述补助标准上浮50%兑现。
686	15	全面落实国家和省市支持企业兼并重组的相关税收优惠政策，鼓励对低效工业园区企业开展收购兼并。
687	12	10.积极培育上市型企业。
688	8	在境内外成功首发上市后，给予公司管理层一次性奖励600万元（如募集资金实际投入本区不足1亿元的，奖励额度按50%执行）。
689	16	新设股份公司股改前后，区产业发展基金、创投引导基金及其参股的子基金优先予以支持。（金融办）
690	8	在新三板挂牌交易的企业，给予每家企业50万元一次性奖励；
691	8	对个人限售股交易业务给予一定的奖励。（金融办）
692	8	新评为中国驰名商标（行政认定）、浙江省著名商标或名牌产品、宁波市知名商标或名牌产品，一次性分别奖励30万元、20万元和5万元。
693	8	新认定为浙江省、宁波市信用管理示范企业，一次性分别奖励3万元、2万元。
694	8	对获得区长质量奖的，给予30万元奖励。（市场监管局）
695	12	13.深入实施标准化战略。
696	8	主持或参与国际标准制（修）订的，每项分别给予15万元、10万元奖励。
697	8	参与上述标准制（修）订的，每项给予5万元奖励。
698	8	每家企业累计奖励总额不超过30万元。
699	8	对承担国家标准化技术委员会（分技术委员会）秘书处的企业单位，给予205万元的奖励。
700	8	对牵头组织优势行业标准化制订工作的单位，给予50万元以内的奖励。（市场监管局）
701	8	对获得国内发明专利授权的，每件给予不超过1万元奖励。
702	8	鼓励发明专利产业化，对专利技术产品年销售额达到300万元以上的，根据销售规模、技术含量等情况择优认定为专利产业化示范项目，给予不超过20万元的奖励。
703	12	四、大力鼓励扶持创业创新
704	7	深入实施“人才强区”战略，实施“港城精英领航计划”、“港城群英荟萃计划”，通过鼓励引进海内外高层次人才、紧缺急需人才，推进高校毕业生就业创业，优化人才生活保障等措施，进一步加快各类人才集聚，优化我区人才结构。
705	7	具体按《关于实施人才发展新政策的意见》（仑委发〔2016〕26号）及相关配套政策和管理细则执行。（人才办、人社局）
706	10	对众创空间、创客服务中心6等各类众创平台，按照《关于培育发展众创空间促进大众创新创业的实施意见（试行）》（仑政办〔2015〕131号）及相关细则予以支持。
707	9	对科创园区、数字科技园等科技企业孵化器及其企业根据综合运行情况给予支持。（科技局）
708	8	工业企业年产值首次达到2000万元且统计纳库的，每家给予2万元奖励；
709	8	对符合我区产业导向的科技型初创企业，经区科技局、经信局、财政局、发改局联合认定并公布名单，自认定之年起3年内，其享受各类产业政策，可以不受亩均税收和地方财政贡献限制。（经信局、科技局）
710	12	19.支持中小企业管理提升。
711	8	鼓励中小企业导入管理咨询服务，实施精细化管理，经认定为管理咨询示范项目、管理咨询试点项目的，分别按其咨询服务费（5万元以上，以合同和发票为准）50%、30%以内给予补助，最高分别不超过20万元、10万元。
712	8	鼓励小微企业组织内部管理培训，经认定，按培训实际发生费用（1万元以上，以合同和发票为准）20%以内给予补助，最高不超过5万元。（经信局）
713	8	工业新产品通过市级以上7新产品投产鉴定的，每项奖励２万元；
714	12	21.加大金融对创业创新的支持。
715	16	设立科技信贷风险池，支持经认定的科技型初创企业、孵化器毕业企业等健康发展，具体操作办法另行制订。（科技局）
716	12	22.鼓励企业建立研发机构。
717	8	对评为国家级、省级、市级、区级企业工程（技术）中心的，分别给予累计不超过200万元、50万元、20万元、2万元的奖励。
718	8	评为省、市级企业研究院的，分别给予累计不超过50万元、30万元的奖励。（科技局）
719	8	有协议的研究机构科技项目应用于北仑或者有北仑企业参与的，参照给予奖励。
720	8	鼓励由政府、企业、高校院所、行业协会等建立公共技术创新、技术交易、科技咨询（代理）推广服务、技术标准与检测服务等基础平台，对被认8定为区级科技创新服务平台的，给予不超过20万元的奖励。
721	8	对经认定的科技研发服务、科技咨询、技术标准与检测等科技服务业示范企业，年科技服务营业收入1000万元以上且比上年增长10%以上的，择优给予不超过10万元的奖励。（科技局）
722	12	25.实施科技进步奖励。
723	8	一等奖每项奖励15万元；
724	8	二等奖每项奖励10万元；
725	8	鼓励企业申报国家、省、市级科学技术进步奖和技术发明奖，对获奖项目按获奖金额的一定比例给予奖励。（科技局）
726	8	对贸促会、区商务局统一组织的境外展会，按展会不同给予展位补助，单家企业最高不超过30万元。
727	8	对新引进的外贸流通企业，给予单家不超过人民币150万元的补助。（商务局）
728	12	27.推动企业“走出去”。
729	20	支持企业利用“一带一路”、“港口经济圈”等战略平台，开展境外投资和承包境外工程。
730	8	对获9批的境外项目，根据境外中方实际投资额给予50万元以内的分级补助。
731	16	对企业在出口信保公司投保的境外投资保险、境外工程承包特险，按照实际保费给予20万元以内的补助。（商务局）
732	12	28.鼓励发展电子商务。
733	8	国内外知名电子商务企业管理人员和核心技术人员（团队）来我区创办电子商务企业的，按照企业实际投资额30%，给予100万元以内的补助。
734	8	对开发运营电子商务产业园、电子商务服务园、电子商务创客园等项目的，结合建筑面积、交易规模、企业入驻率等情况，按照实际运营投入额给予30%以内、最高不超过50万元的补助，经认定的区级电子商务产业集聚区，根据绩效评估情况三年内每年给予不超过20万元的补助（与区级众创空间、创客服务中心不重复补助）。
735	8	对各类电子商务应用企业（B2C、B2B）、服务企业、平台企业，经认定后，按照销售额给予20万元以内的补助。（商务局）
736	12	29.鼓励发展跨境电商。
737	8	对利用现有土地厂房、办公楼等建设跨境电商园区的，按照面积、投入等情况给予200万元以内补助，并根据绩效评价、园区企业集聚等情况另行奖励。
738	8	鼓励跨境电商平台建设和发展，按照运营业绩、规模等给予50万元以内扶持。
739	8	对参加省、市政府组织的国内各类展会，给予一定的展位费补助，其中“模具展”按50%、“消博会”、“服装节”按100%给予补助。
740	8	实施合同能源管理项目的，按400元/吨标准煤（含市补）给予补助。
741	4	单个项目补助额不超过设备投资额的50%，单个企业区级补助部分最高不超过100万元（合同能源管理节能服务公司最高不超过200万元）。
742	0	鼓励淘汰落后产能和开展行业（区块）整治。（经信局）
743	8	对新列入国家、省计划并经省、市备案的光伏发电项目，根据厂房屋顶实际占用面积，给予15元/平方米的补助。
744	8	列入年度市、区级清洁生产审核计划的，审核验收后每家补助6万元（含市补）。
745	12	33.鼓励生态环保建设。
746	8	对工业企业重点污染源防治工程、重点减排工程、农业农村污染治理工程、污染防治新技术推广应用及其它污染防治项目，按项目投资额（环保设备和治污工程）给予25%以内的补助，单个项目补助不超过100万元、单家企业不超过150万元。
747	8	对污染物在线监控系统、刷卡排污系统和治污设施运行管理监控系统，给予一定的补助。
748	8	对通过开展环境管理体系认证的企业，根据认证咨询费给予1-5万元的补助。
749	8	创建为国家级、省级、市级绿色单位的分别补助12万元、6万元、3万元。（环保局）
750	12	七、大力发展城市经济
751	0	鼓励发展与临港产业、先进制造业等相关联的贸易产业，推动制造、加工、贸易等上下游产业联动，促进集研发、贸易等于一体的总部型商贸企业集聚。
752	8	对占用土地资源、年销售收入5000万元以上、实缴税收500万元以上的汽车4S店等新型业态，按照销售收入2%以内给予补助。（商务局、财政局）
753	12	35.培育发展生产性服务业。
754	12	36.支持保险业创新发展。
755	8	对在我区新设立或从区外新引进的金融保险机构法人总部（包括专业性、功能性总部），按照重大优质项目招引政策给予重点支持。
756	0	鼓励辖内保险机构积极探索产品创新。（金融办）
757	12	37.支持传统商贸企业发展。
758	8	被评为市级特色夜市街区的，再给予20万元补助。
759	8	对月13光经济优质品牌活动，且投资20万元以上的，结合活动档次、场次、人气等情况，按照投资额10%给予10万元以内的补助；
760	8	支持建设北仑主题（名品）馆，对入驻企业给予一定的运营补助。（商务局）
761	12	39.加快文化创意产业发展。
762	8	对我区影视企业原创的著作权在我区的影视产品，当年度在省级卫视及以上电视台首播的电视剧，每部给予最高100万元的补助；
763	8	当年度在国内影院首播的电影作品，每部给予最高50万元补助，并根据票房情况额外给予100万元以内的补助。
764	8	对入选国家、省、市“五个一工程奖”的作品，按照就高累计不重复分别给予100万元、50万元和10万元补助。
765	8	对利用区级以上非遗文化资源开发的产业项目，按照当年度营业额5%给予20万元以内的补助。
766	8	鼓励文化企业做强做优，对当年首次纳入文化产业统计并销售（营业）额比上年增长15%的文化企业，另外给予2万元补助。
767	12	40.鼓励民宿民居（农家乐）发展。
768	8	鼓励农户利用现有闲14置场所发展民宿民居，对新开办的、基础设施完善、持续营业3个月以上、累计达到接待20人次/间的民宿，按照档次给予最高10万元的补助。
769	8	对新评定的国家、省、市级民宿民居（农家乐），分别给予20万元、10万元和5万元补助。
770	8	鼓励大中专毕业生创办或开展民宿民居营销，并根据业绩情况给予一定补助。（农林局）
771	12	41.加大北仑旅游市场推广。
772	8	鼓励区外旅行社及旅游联盟引进自驾团队，全年累计在北仑星级、花级及北仑旅游指定酒店住宿房间300-1000间的，按照总房费发票金额8%给予补助，1000间以上的按照15%给予补助。
773	8	本区旅行社引进区外团队游客，全年累计在北仑住宿房间100-300间的，按照总房费发票金额8%给予补助，300间以上的按照15%给予补助。
774	12	42.鼓励航运业做大做强。
775	8	对新增干散货船舶吨位在2万吨以上的，每吨补助50元；
776	8	对新增集装箱船箱位在500TEU以上的，每TEU补助800元；
777	8	对新增液货危险品船舶吨位4000吨以上的，每吨补助50元。
778	8	新增运力当年按照应补额度的90%给予补助（10%为安全风险保证金），15如应补额度超过地方财政贡献，剩余补助额顺延到下年度，以此类推至第五年仍无法补足的则不再予以补助。
779	8	符合运力补助条件的新增融资性租赁船舶和新增光租船舶,合同期限10年以上的,参照补助标准每年按总额的10%发放补助。
780	4	区内转户的不予享受上述补助。（交通局、财政局）
781	8	对陆运企业营业收入1000万元以上、年实缴税收50万元以上、亩均税收10万元以上的，按照其营业收入的5%以内给予补助。（交通局、财政局）
782	8	对当年新购置或由区外转入我区且入户前车龄在2年内LNG车辆（包括集装箱车辆、罐车和普通货车），按2万元/辆给予一次性补助。
783	4	区内转户的不予享受上述补助。
784	5	一年内超限、超载等违章行为三次以上的车辆不予补助。（交通局）
785	0	八、附则
786	0	1647.亩均税收低于10万元的企业，原则上取消本政策享受资格。
787	0	企业当年存在重大偷、骗税、骗取扶持资金行为的，存在安全生产、环保、质量等方面重大问题，发生重大刑事案件、劳资纠纷等群体性事件并负主要责任的，未完成节能减排等刚性目标任务的，取消本政策享受资格。
788	0	已有约定的企业、“631”企业原则上不享受本政策其它条款。
789	0	48.政策中14（专利申请及机构）、
790	0	49.本政策中工业政策和科技政策的补助资金，要求投入到企业研发费用中，同时企业给予相应配套。
791	0	50.除另有规定外，新办企业享受年份按会计年度结算。
792	0	项目跨年度建设的，在项目竣工后一次性兑现扶持资金。
793	0	投资额、产值等数据以统计报表为准，各项奖项和资格认证以有效批文为准。
794	0	52.同一项目符合本政策中多项条款的，按就高原则不重复享受。
795	0	若政策兑现资金超过年初预算，按比例下调兑现标准。
796	0	上级下达的专项政策扶持资金，由相关职能部门牵头，会同区财政局、区发改局，按照需要结合区域实际制订实施办法。
797	0	54.本政策兑现由相关职能部门初审，经区发改局、区财政局会审后，报区政府、开发区管委会确定。
798	0	56.本政策自2017年1月1日起施行。
799	0	原《关于印发北仑区（开发区）促进产业结构调整专项资金扶持政策的通知》（仑政〔2015〕38号）停止执行。
800	0	18
801	0	善政发〔2017〕19号
802	0	嘉善县人民政府关于支持创业促进就业的实施意见
803	1	为切实做好新形势下就业创业工作，进一步激发大众创业活力，促进以创业带动就业，根据《浙江省人民政府关于支持大众创业促进就业的意见》（浙政发〔2015〕21号）和《嘉兴市人民政府关于支持创业促进就业的实施意见》（嘉政发〔2015〕102号）等文件精神，结合《嘉善县人民政府印发关于进一步促进大众创业若干政策意见的通知》（善政发〔2015〕146号）和《嘉善县人民政府关于转发<浙江省人民政府办公厅关于嘉善县大众创业促进机制改革方案的复函>的通知》(善政发〔2015〕149号)等文件，经县政府研究，提出如下实施意见，请认真贯彻执行。
804	12	一、深入实施就业优先战略
805	10	把稳定和扩大就业工作目标作为经济运行合理区间的下限，加强财税、金融、产业、贸易等经济政策与就业政策的配套衔接，促进经济发展与扩大就业相协调。
806	12	建立公共投资和重大项目建设带动就业评估机制,充分发挥政府投资项目在扩大就业方面的示范带动作用。
807	12	（二）推进产业转型升级与促进就业的良性互动。
808	12	大力发展科技服务业、现代物流业、现代金融业等生产性服务业和休闲旅游业、健康服务业、现代商贸业等生活性服务业，提高服务业就业比重。
809	12	积极培育战略性新兴产业和先进制造业，提高劳动密集型产业附加值，进一步提高就业吸纳能力。
810	12	加快转变农业发展方式，培养新型职业农民，鼓励劳动者根据市场需求到农村就业创业。
811	15	（一）实行税费减免。
812	15	高校毕业生、登记失业人员等创办个体工商户、个人独资企业的，可依法享受税收减免政策。
813	15	支持农村劳动者返乡创业，落实定向减税和普遍性降费政策。
814	15	积极落实职工教育经费税前扣除、企业转增股本分期缴纳个人所得税、股权奖励分期缴纳个人所得税等税收政策。
815	10	进一步清理和规范涉企行政事业性收费、政府性基金、具有强制垄断性的经营服务性收费、行业协会商会涉企收费，落实涉企收费清单管理制度和创业负担举报反馈机制。
816	15	对在校大学生和毕业5年以内高校毕业生、符合条件且登记失业半年以上人员、就业困难人员、复退军人、持证残疾人（以下简称重点人群）以及取得国家《创业培训合格证书》的学员从事个体经营（国家限制行业外）的，自首次工商注册登记之日起，按规定减免登记类、证照类、管理类等行政事业性收费。
817	16	将小额创业贷款调整为创业贷款。
818	16	将创业贷款政策扶持对象扩大到有创业要求、具备一定创业条件但缺乏创业资金的在校大学生、符合条件的城乡劳动者。
819	16	其中创办个体工商户（含经认定的网络创业，下同）的，可申请最高不超过20万元贷款，个人独资企业可申请最高不超过30万元贷款，合伙企业可申请最高不超过60万元贷款。
820	16	贷款期限一般不超过3年，其中按期还本付息的，可申请展期1年。
821	16	加大创业贷款贴息力度。
822	16	对重点人群创业实行全额贴息，其他符合条件的人员创业实行50%贴息，予以贴息的利率可在基础利率的基础上最高上浮3个百分点，贴息期限不超过3年，展期不贴息。
823	16	健全创业贷款担保机制。
824	16	创业担保基金担保的贷款到期后，借款人不能足额归还贷款本息的，经办银行应当积极催收；
825	16	贷款额度超过10万元的贷款净损失，由创业担保基金代偿80%。
826	8	将一次性创业补助和创业社保补贴合并为一次性创业社保补贴。
827	8	重点人群在本县成功创业，按规定办理工商、税务登记和缴纳社会保险费，且正常经营6个月以上的，给予一次性5000元的创业社保补贴。
828	8	重点人群团队创业的，每增加一名合伙人或股东，再一次性给予2500元的创业社保补贴，每户最高不超过10000元。
829	7	（四）加强创业教育和培训。
830	7	全县职业学校要普遍开设创业课程，并将创业教育课程纳入学分管理，允许学生休学创业。
831	7	探索建立创业学分积累与转换制度，将学生自主创业情况折算为学分。
832	7	大力开展创业培训工作，在全县认定一批创业培训机构和创业培训示范基地。
833	8	创业培训机构提供免费培训的，创业培训补贴直补培训机构。
834	12	（五）加快创业平台建设。
835	8	鼓励各镇（街道）、社会力量新建或利用闲置场地改造建设创业孵化基地（创业园），面积达到2000平方米以上，启动运营满一年，入驻创业团队达到10家以上，给予一次性建设补助10万元。
836	12	推动村级电子商务服务站建设。
837	0	将服务站纳入公益性岗位开发范围。
838	12	（七）树立创业典型，营造创业氛围。
839	12	通过举办创业创新大赛、创业典型评选、创新成果和创业项目展示推介宣传等活动，进一步培育创业文化，激发创业热情，形成支持大众创业、宽容创业失败的良好氛围。
840	8	对县级创业大赛的获奖项目，给予一等奖2万元、二等奖1万元、三等奖5000元、优胜奖2000元的奖励。
841	8	市级及市级以上创业大赛的获奖项目，给予一等奖3万元、二等奖2万元、三等奖1万元、优胜奖5000元的奖励。
842	12	（一）支持企业稳定就业岗位。
843	12	生产经营困难企业可通过与职工进行集体协商，采取在岗培训、轮班工作、弹性工时、协商薪酬等办法不裁员或少裁员。
844	4	淘汰落后产能奖励资金和依据兼并重组政策规定支付给企业的土地补偿费要优先用于职工安置。
845	8	强化失业保险促就业防失业功能，将失业保险支持企业稳定岗位政策实施范围扩大到所有符合条件的企业，并按规定给予不超过该企业及其职工实际缴纳失业保险费额50%的稳岗补贴。
846	4	稳岗补贴主要用于职工生活补助、缴纳社会保险费、转岗培训、技能提升培训等相关支出。
847	0	稳岗补贴政策执行到2020年底。
848	12	（二）鼓励企业吸纳就业。
849	8	小微企业新招用毕业2年以内高校毕业生，签订1年以上劳动合同并依法缴纳社会保险费的，按企业为其实际缴纳社会保险费额给予社保补贴，期限为1年。
850	8	家政服务企业与家政服务员签订1年以上劳动合同并依法缴纳社会保险费的，按企业为其实际缴纳社会保险费额的50%给予社保补贴，期限不超过3年。
851	0	企业社保补贴与稳岗补贴不重复享受。
852	8	企业新招用毕业年度高校毕业生，在6个月内开展岗前培训的，按获得初级工及以上职业资格证书的人数，给予企业每人500元的培训补贴，其中小微企业培训补贴标准每人600元。
853	16	小微企业招用重点人群达到企业现有在岗职工总数20%以上，与之签订1年以上劳动合同并依法缴纳社会保险费的，可按每人不超过20万元的标准申请创业贷款，创业贷款总额不超过300万元。
854	16	其中对入驻科技孵化器的实行全额贴息，对其他企业实行50%贴息，贴息标准按基准利率执行，贴息期限不超过3年。
855	7	鼓励培训机构免费为城乡劳动者、企业职工开展技能培训，培训机构在劳动者获得职业资格证书后报县人力社保、县财政部门审核，给予直补培训机构。
856	8	并给予劳动者180元的一次性职业技能鉴定补贴。
857	8	鼓励参加人力社保部门公布的紧缺急需工种的培训，补贴标准可上浮20%。
858	8	对获得专项能力证书的按相应标准的60%给予补贴。
859	8	鼓励劳动者个人自费到县内外培训机构进行技能提升培训，参加全国、全省统一技能鉴定或紧缺急需工种技能鉴定的，2年内凭三级及以上国家职业资格证书等相关材料申报，按高级工不超过1200元、技师不超过1800元、高级技师不超过2500元的标准给予直补个人。
860	8	经县人力社保部门批准，企业评价认定后取得职业资格证书的，按岗位技能提升培训补贴标准的60%直补企业。
861	8	对获得全国中等职业学校学生技能大赛金、银、铜奖的学校，分别给予2万元、1万元、5000元奖励；
862	8	对高技能人才培养贡献突出的市级技能大师工作室进行一次性补贴3万元。
863	8	对获评的县级首席技师给予一次性5000元的奖励。
864	0	每人每年只能享受一次，同一工种同一资格等级的培训补贴不重复享受。
865	5	严格执行职业培训监管考核制度，健全培训质量评估制度，积极探索第三方监督机制，切实保证培训质量和效果，加强资格证书管理，严格核发程序，对未经县人力社保部门备案的职业培训办班和未按规定要求进行培训考核鉴定的，不予核发证书。
866	12	（四）促进高校毕业生就业。
867	12	鼓励有条件的单位建立高校毕业生见习基地，吸纳毕业5年内的高校毕业生参加见习。
868	8	对被认定为“嘉善县高校毕业生就业见习基地”的单位（以下简称见习单位），一次性给予5000元的补贴，另按完成见习人数，给予见习单位每人2000元的一次性吸纳见习补助，补助总额不超过5万元；
869	8	其中被认定为省级见习基地补助总额不超过20万元、国家级见习基地补助总额不超过30万元。
870	8	高校毕业生见习期不超过6个月，见习单位给予见习人员不低于最低工资标准的生活补助，并为其购买综合商业保险的，经县人力社保部门审核，按完成见习人数给予见习单位每人每月最低工资标准50%的补助，其中市级、省级见习基地补助80%、国家级见习基地补助100%；
871	8	鼓励政府机关、事业单位和社会团体提供适量的公共服务窗口岗位，安排高校毕业生参加见习，并按上述标准给予生活补助和保费补助。
872	8	见习单位支出的见习生活补助和商业保险费，不计入社会保险缴费基数，符合税收法律法规规定的，可以在计算企业所得税应纳税所得额时扣除。
873	12	引导高校毕业生到基层就业。
874	8	对毕业年度内高校毕业生到村（社区）就业、并依法缴纳社会保险费的，参照企业吸纳就业的补贴办法，给予个人每年2000元的就业补贴，补贴期限不超过3年。
875	8	对应征入伍服义务兵役的高校毕业生，按规定实行学费补偿和国家助学贷款代偿。
876	12	对到社会团体、基金会、民办非企业单位就业的高校毕业生，公共就业人才服务机构要协助办理落户和人事档案管理手续，在专业技术职称评定方面享受与国有企事业单位同类人员同等待遇。
877	12	高校毕业生到基层单位从事专业技术工作，申报相应职称时，免予职称外语考试和计算机应用能力考试。
878	12	支持高校毕业生灵活就业。
879	8	毕业5年内的高校毕业生实现灵活就业、到公共就业人才服务机构办理就业登记并依法缴纳社会保险费的，按基本养老、基本医疗保险一（当年最低社会保险缴费基数缴费额）的50%给予社保补贴，期限不超过3年。
880	12	支持高校毕业生参与科研项目研究。
881	12	鼓励承担国家和地方科研项目的单位积极聘用优秀高校毕业生参与研究工作。
882	8	在重大重点项目实施过程中，签订劳动合同的高校毕业生参与项目研究期间的相关劳务性费用和社会保险缴费可按规定从项目经费中列支。
883	12	在核定最低生活保障家庭和最低生活保障边缘家庭收入时，就业困难人员首次就业或自主创业1年内所取得的收入可不计入，1年以后扣减必要的就业成本后再行计入。
884	12	开发公益性岗位安置就业。
885	8	经县人力社保部门认定的公益性岗位安置就业困难人员的，给予岗位补贴和社保补贴。
886	0	一、失业（当年最低社会保险缴费基数缴费额）三项社会保险费补贴（个人缴纳部分由个人缴纳）；
887	12	（六）加大退役军人就业扶持。
888	12	对符合政府安排工作条件的退役军人，要确保岗位落实。
889	12	落实国有、国有控股和国有资本占主导地位企业按比例预留岗位择优招录退役军人。
890	12	退役士兵报考公务员、应聘事业单位职位的，在军队服现役经历视为基层工作经历，服现役年限计算为工作年限。
891	12	落实残疾人集中就业政策，依法推进残疾人按比例就业，建立用人单位按比例安排残疾人公示制度，党政机关、事业单位和国有企业应当带头安置残疾人。
892	12	鼓励残疾人个体就业和自谋职业，大力扶持残疾人网上就业，推进残疾人辅助性（庇护性）就业。
893	12	健全覆盖城乡的公共就业创业服务体系，加强公共就业和人才服务机构建设，整合就业创业服务职能，统筹推进镇（街道）、村（社区）基层就业创业和社会保障公共服务平台建设，健全服务网络，完善服务功能。
894	7	推进人力资源市场标准化建设，构建人力资源市场诚信体系。
895	10	规范用人单位招工行为，严厉打击非法职业中介和虚假招聘。
896	12	规范发展人事代理、人才推荐、劳务派遣等人力资源服务业。
897	8	将职业介绍补贴和扶持公共就业服务补助合并调整为就业创业服务补贴，健全政府向社会力量购买基本就业创业服务成果制度，对高校毕业生就业创业指导站和其他创业指导服务机构，按指导高校毕业生创办企业且正常经营满1年以上的人数，给予每人2000元的补贴，总额不超过5万元。
898	8	鼓励人力资源服务业发展壮大，民营职介机构、人力资源公司承担公共服务职能，承办公益性人力资源招聘会，经县人力社保部门同意，签订服务协议，组织参会企业达到30（含）家以上，提供岗位150（含）个以上，给予每场5000元的补贴，每增加1家参会企业增加补贴200元，单场补贴最高不超过2万元。
899	8	对社会力量创办承担政府公共培训项目的公共培训（实训）基地，按开设培训项目数，给予每项5万元的补贴，总额不超过100万元。
900	8	对征集到的创业项目，经县人力社保部门组织的专家评审并进入创业项目库的，给予项目开发单位每项2000元的补贴，创业项目被3名及以上创业者采用并成功创业1年以上的，再给予项目开发单位3000元的补贴。
901	7	建立创业导师库，组织职业院校教师、企业家、创业成功人士等免费参加创业师资培训考核，对培训合格者进入县级创业导师库。
902	8	鼓励创业培训教师开展创业跟踪指导，对进入创业导师库的，按相关规定给予补贴。
903	12	（三）推进就业服务信息化建设。
904	10	按照统一建设、业务协同、资源共享的原则，完善公共就业服务指标体系，实现就业数据全县实时联网，推进业务经办全县协同，建立全县统一的公共就业信息服务平台，切实为用人单位和求职者提供高效便捷的公共就业服务。
905	12	（四）强化就业失业监测调控。
906	12	逐步将城镇新增就业、调查失业率作为宏观调控的重要指标，纳入国民经济和社会发展规划及年度计划。
907	12	探索建立自主创业、灵活就业人员就业登记办法。
908	14	各镇（街道）要为登记失业的各类人员提供均等化的政策咨询、职业指导、职业介绍、职业培训等公共就业服务和普惠性就业政策。
909	12	五、完善就业创业工作机制
910	6	因不履行促进就业职责，造成恶劣社会影响的，对有关责任人实行问责。
911	12	（二）加强协作配合。
912	12	强化工作责任，完善协作机制，形成工作合力。
913	0	县人力社保部门要牵头做好就业创业工作。
914	13	县财政部门要强化资金保障，完善就业创业资金管理办法。
915	5	县发展改革、县统计、县人力社保等部门要加强就业失业动态监测研判。
916	16	人行嘉善县支行要会同有关部门制定创业贷款管理办法。
917	0	困难家庭高校毕业生是指城镇零就业家庭、城乡低保家庭、低保边缘家庭、父母亲患重大疾病造成家庭经济特别困难、家庭遭遇重大变故、孤儿及烈士子女等高校毕业生。
918	0	就业困难高校毕业生是指登记失业6个月以上高校毕业生和残疾高校毕业生。
919	0	就业见习是指离校未就业高校毕业生根据本人意愿，到经人力社保部门认定的见习基地进行一定期限的实践训练，提升就业能力的就业准备活动。
920	0	县级创业大赛是指县委、县政府或县大众创业促进机制改革工作领导小组主办的嘉善县创业大赛。
921	0	小微企业以税务部门认定为准。
922	3	上述政策所需资金在失业保险基金和就业创业专项资金中列支。
923	4	本实施意见的相关扶持政策，同一对象按照就高原则享受同类政策，不重复享受。
924	0	本实施意见自2017年1月1日起施行。
925	0	《嘉善县人民政府关于统筹城乡综合配套改革进一步做好促进城乡就业工作的实施意见》（善政发〔2009〕103号）同时予以废止，其他已有规定与本实施意见不一致的，按本实施意见执行。
